# phrase	space-separated tone-marked syllables
一〇	yī líng
一一	yī yī
一丁点儿	yī dīng diǎn er
一七	yī qī
一三	yī sān
一不做	yī bú zuò
一不扭众	yī bù niǔ zhòng
一九	yī jiǔ
一了百了	yì liǎo bǎi liǎo
一二	yī èr
一五	yī wǔ
一以当百	yī yǐ dāng bǎi
一以贯之	yī yǐ guàn zhī
一八	yī bā
一六	yī liù
一又	yī yòu
一号	yī hào
一哄而上	yì hōng ér shàng
一哥	yī gē
一唱一和	yí chàng yí hè
一四	yī sì
一字决	yī zì jué
一字马	yī zì mǎ
一季度	yī jì dù
一年级	yī nián jí
一念之差	yí niàn zhī chā
一担水	yí dàn shuǐ
一日三省	yí rì sān xǐng
一是一	yī shì yī
一晃	yì huǎng
一更更	yì gēng gēng
一月	yī yuè
一月一	yī yuè yī
一来二去	yī lái èr qù
一楼	yī lóu
一模一样	yì mú yí yàng
一次方	yī cì fāng
一笑了之	yí xiào liǎo zhī
一等	yī děng
一级	yī jí
一行不行	yì háng bù xíng
一觉	yí jiào
一语中的	yì yǔ zhòng dì
一走了之	yì zǒu liǎo zhī
一路公交	yī lù gōng jiāo
一路巴士	yī lù bā shì
一路汽车	yī lù qì chē
一还一报	yì huán yí bào
一重山	yì chóng shān
一阳指	yī yáng zhǐ
一零	yī líng
一饼	yī bǐng
一鳞半爪	yì lín bàn zhǎo
丁一卯二	dīng yī mǎo èr
丁一确二	dīng yī què èr
丁点儿	dīng diǎn er
七一	qī yī
万一	wàn yī
万不失一	wàn bù shī yī
万乘	wàn shèng
万无失一	wàn wú shī yī
万贯家私	wàn guàn jiā sī
丈夫	zhàng fu
三一	sān yī
三人为众	sān rén wèi zhòng
三差两错	sān chā liǎng cuò
三座大山	sān zuò dà shān
三战三北	sān zhàn sān běi
三灾八难	sān zāi bā nàn
三瓦两舍	sān wǎ liǎng shě
三藏	sān zàng
三连冠	sān lián guàn
上头	shàng tóu
上将	shàng jiàng
上当	shàng dàng
上当学乖	shàng dàng xué guāi
下不为例	xià bù wéi lì
下切	xià qiē
下处	xià chǔ
下载	xià zài
不一而三	bù yī ér sān
不一而止	bù yī ér zhǐ
不为人知	bù wéi rén zhī
不为已甚	bù wéi yǐ shèn
不为瓦全	bù wéi wǎ quán
不了	bù liǎo
不了而了	bù liǎo ér liǎo
不可揆度	bù kě kuí duó
不可收拾	bù kě shōu shi
不可胜数	bù kě shèng shǔ
不在乎	bú zài hu
不差什么	bú chà shén me
不差累黍	bù chā lěi shǔ
不幸而言中	bú xìng ér yán zhòng
不当不正	bù dāng bú zhèng
不当人子	bù dāng rén zǐ
不徇私情	bú xùn sī qíng
不得了	bù dé liǎo
不拘形迹	bù jū xíng jī
不更事	bù gēng shì
不相为谋	bù xiāng wéi móu
不省人事	bù xǐng rén shì
不着疼热	bù zhuó téng rè
不着边际	bù zhuó biān jì
不知薡蕫	bù zhī dǐng dǒng
不破不立	bú pò bú lì
不禁	bù jīn
不能赞一	bù néng zàn yī
不行	bù xíng
不识抬举	bù shí tái ju
不贪为宝	bù tān wéi bǎo
不越雷池	bú yuè léi chí
不足为凭	bù zú wéi píng
不足为奇	bù zú wéi qí
不足为怪	bù zú wéi guài
不足为意	bù zú wéi yì
不足为据	bù zú wéi jù
不足为法	bù zú wéi fǎ
不足为训	bù zú wéi xùn
不足齿数	bù zú chǐ shǔ
不遑启处	bù huáng qǐ chǔ
与世沉浮	yǔ shì chén fú
与会	yù huì
与时消息	yǔ shí xiāo xi
与民更始	yǔ mín gēng shǐ
丑角	chǒu jué
专一	zhuān yī
专横	zhuān hèng
且住为佳	qiě zhù wéi jiā
东家西舍	dōng jiā xī shè
东扯西拽	dōng chě xī zhuāi
东莞	dōng guǎn
东躲西藏	dōng duǒ xī cáng
东都	dōng dū
东量西折	dōng liàng xī shé
东阿	dōng ē
东鳞西爪	dōng lín xī zhǎo
东鸣西应	dōng míng xī yīng
丝恩发怨	sī ēn fà yuàn
丞相	chéng xiàng
丢三落四	diū sān là sì
丢卒保车	diū zú bǎo jū
丧乱	sāng luàn
丧事	sāng shì
丧服	sāng fú
丧礼	sāng lǐ
丧葬	sāng zàng
丧钟	sāng zhōng
丧魂落魄	sàng hún luò pò
个头儿	gè tóu er
个子	gè zi
丫头	yā tou
中奖	zhòng jiǎng
中将	zhōng jiàng
中弹	zhòng dàn
中意	zhòng yì
中标	zhòng biāo
中毒	zhòng dú
中肯	zhòng kěn
中行	zhōng háng
中计	zhòng jì
中郎将	zhōng láng jiàng
中都	zhōng dū
中风	zhòng fēng
丰屋蔀家	fēng wū bù jiā
临帖	lín tiè
临敌易将	lín dí yì jiàng
临深履薄	lín shēn lǚ bó
丸子	wán zi
丹参	dān shēn
为主	wéi zhǔ
为人师表	wéi rén shī biǎo
为什么	wèi shén me
为仁不富	wéi rén bú fù
为伍	wéi wǔ
为例	wéi lì
为准	wéi zhǔn
为善最乐	wéi shàn zuì lè
为好成歉	wéi hǎo chéng qiàn
为害	wéi hài
为富不仁	wéi fù bù rén
为山止篑	wéi shān zhǐ kuì
为德不卒	wéi dé bù zú
为所欲为	wéi suǒ yù wéi
为政	wéi zhèng
为数	wéi shù
为时已晚	wéi shí yǐ wǎn
为时过早	wéi shí guò zǎo
为期	wéi qī
为止	wéi zhǐ
为民父母	wéi mín fù mǔ
为生	wéi shēng
为虺弗摧	wéi huǐ fú cuī
为裘为箕	wéi qiú wéi jī
为难	wéi nán
为非作恶	wéi fēi zuò è
为非作歹	wéi fēi zuò dǎi
为首	wéi shǒu
为鬼为蜮	wéi guǐ wéi yù
主将	zhǔ jiàng
主干	zhǔ gàn
主角	zhǔ jué
主调	zhǔ diào
丽水	lí shuǐ
举一反三	jǔ yī fǎn sān
举世混浊	jǔ shì hún zhuó
举手相庆	jǔ shǒu xiāng qìng
久要不忘	jiǔ yāo bú wàng
义薄云天	yì bó yún tiān
之一	zhī yī
乌拉	wū lā
乐善好施	lè shàn hào shī
乐器	yuè qì
乐团	yuè tuán
乐坛	yuè tán
乐子	lè zi
乐山乐水	lè shān lè shuǐ
乐工	yuè gōng
乐师	yuè shī
乐府	yuè fǔ
乐律	yuè lǜ
乐曲	yuè qǔ
乐歌	yuè gē
乐池	yuè chí
乐理	yuè lǐ
乐章	yuè zhāng
乐舞	yuè wǔ
乐谱	yuè pǔ
乐队	yuè duì
乐音	yuè yīn
乔装打扮	qiáo zhuāng dǎ bàn
乘兴	chéng xìng
乜斜	miē xie
九一	jiǔ yī
九曲	jiǔ qū
九蒸三熯	jiǔ zhēng sān hàn
九转功成	jiǔ zhuǎn gōng chéng
习焉不察	xí yān bù chá
书缺有间	shū quē yǒu jiàn
买得起	mǎi de qǐ
买椟还珠	mǎi dú huán zhū
乱哄哄	luàn hōng hōng
乳臭未干	rǔ xiù wèi gān
了不可见	liǎo bù kě jiàn
了不起	liǎo bù qǐ
了不长进	liǎo bù zhǎng jìn
了了	liǎo liǎo
了事	liǎo shì
了却	liǎo què
了如指掌	liǎo rú zhǐ zhǎng
了得	liǎo dé
了悟	liǎo wù
了断	liǎo duàn
了无惧色	liǎo wú jù sè
了无生机	liǎo wú shēng jī
了望台	liào wàng tái
了然	liǎo rán
了然无闻	liǎo rán wú wén
了结	liǎo jié
了若指掌	liǎo ruò zhǐ zhǎng
了解	liǎo jiě
了身达命	liǎo shēn dá mìng
予取予求	yú qǔ yú qiú
予智予雄	yú zhì yú xióng
事假	shì jià
事后诸葛亮	shì hòu zhū gě liàng
二一	èr yī
二人转	èr rén zhuàn
二十八宿	èr shí bā xiù
二竖为虐	èr shù wéi nüè
于今为烈	yú jīn wéi liè
于家为国	yú jiā wéi guó
亏得	kuī dé
云舒霞卷	yún shū xiá juǎn
云量	yún liàng
互为因果	hù wéi yīn guǒ
互为表里	hù wéi biǎo lǐ
五一	wǔ yī
五侯七贵	wǔ hóu qī guì
五侯蜡烛	wǔ hòu là zhú
五石六鹢	wǔ shí liù yì
五羖大夫	wǔ gǔ dà fū
五脊六兽	wǔ jǐ liù shòu
五色相宣	wǔ sè xiāng xuān
井底虾蟆	jǐng dǐ xiā má
亚得里亚海	yà dé lǐ yà hǎi
亡国大夫	wáng guó dà fū
交响乐	jiāo xiǎng yuè
交差	jiāo chāi
交恶	jiāo wù
交还	jiāo huán
产假	chǎn jià
产量	chǎn liàng
亭子	tíng zi
亮相	liàng xiàng
亲家	qìng jia
亲家公	qìng jia gōng
亲戚	qīn qi
人为	rén wéi
人事不省	rén shì bù xǐng
人参	rén shēn
人才济济	rén cái jǐ jǐ
人才难得	rén cái nán dé
人模狗样	rén mú gǒu yàng
人满为患	rén mǎn wéi huàn
人莫予毒	rén mò yú dú
人行道	rén xíng dào
人言藉藉	rén yán jí jí
什件儿	shí jiàn er
什伍东西	shí wǔ dōng xī
什刹海	shí chà hǎi
什围伍攻	shí wéi wǔ gōng
什物	shí wù
什袭珍藏	shí xí zhēn cáng
什锦	shí jǐn
介壳	jiè qiào
从俗就简	cóng sú jiù jiǎn
仓卒	cāng cù
仔仔细细	zǐ zǐ xì xì
仔猪	zǐ zhū
仔细	zǐ xì
仡佬	gē lǎo
代为	dài wéi
令人发指	lìng rén fà zhǐ
令人捧腹	lìng rén pěng fù
令原之戚	líng yuán zhī qī
令狐	líng hú
以一奉百	yǐ yī fèng bǎi
以一持万	yǐ yī chí wàn
以一知万	yǐ yī zhī wàn
以一警百	yǐ yī jǐng bǎi
以为	yǐ wéi
以书为御	yǐ shū wéi yù
以利累形	yǐ lì lěi xíng
以升量石	yǐ shēng liáng dàn
以古为鉴	yǐ gǔ wéi jiàn
以大恶细	yǐ dà wù xì
以守为攻	yǐ shǒu wéi gōng
以宫笑角	yǐ gōng xiào jué
以己度人	yǐ jǐ duó rén
以意为之	yǐ yì wéi zhī
以慎为键	yǐ shèn wéi jiàn
以攻为守	yǐ gōng wéi shǒu
以毁为罚	yǐ huǐ wéi fá
以水济水	yǐ shuǐ jǐ shuǐ
以法为教	yǐ fǎ wéi jiào
以牙还牙	yǐ yá huán yá
以疏间亲	yǐ shū jiàn qīn
以眼还眼	yǐ yǎn huán yǎn
以筌为鱼	yǐ quán wéi yú
以规为瑱	yǐ guī wéi tiàn
以言为讳	yǐ yán wéi huì
以身许国	yǐ shēn xǔ guó
以退为进	yǐ tuì wéi jìn
以邻为壑	yǐ lín wéi hè
以黑为白	yǐ hēi wéi bái
任务	rèn wu
任达不拘	rèn dá bù jū
份子	fèn zi
份量	fèn liàng
仿佛	fǎng fú
伎俩	jì liǎng
休假	xiū jià
休息	xiū xi
众啄同音	zhòng zhuó tóng yīn
众多非一	zhòng duō fēi yī
众好众恶	zhòng hào zhòng wù
众毛攒裘	zhòng máo cuán qiú
众生相	zhòng shēng xiàng
众矢之的	zhòng shǐ zhī dì
会儿	huì er
会计	kuài jì
会长	huì zhǎng
传为佳话	chuán wéi jiā huà
传为笑谈	chuán wéi xiào tán
传为美谈	chuán wéi měi tán
传记	zhuàn jì
传风扇火	chuán fēng shān huǒ
伯伯	bó bo
伯子	bǎi zi
估摸	gū mo
估量	gū liang
伺候	cì hou
似的	shì de
伽马射线	gā mǎ shè xiàn
低调	dī diào
体量	tǐ liàng
何乐不为	hé lè bù wéi
何乐而不为	hé lè ér bù wéi
何曾	hé céng
何足为奇	hé zú wéi qí
余切	yú qiē
余勇可贾	yú yǒng kě gǔ
佛头着粪	fó tóu zhuó fèn
佛头著粪	fó tóu zhuó fèn
佛爷	fó ye
作为	zuò wéi
作乐	zuò lè
作坊	zuō fang
作嫁衣裳	zuò jià yī shang
作弄	zuò nòng
佝偻	gōu lóu
使得	shǐ de
使羊将狼	shǐ yáng jiàng láng
侃大山	kǎn dà shān
侄子	zhí zi
例假	lì jià
侏儒观戏	zhū rú guān xì
侔色揣称	móu sè chuǎi chèn
供不应求	gōng bú yìng qiú
供应	gōng yìng
供气	gōng qì
供水	gōng shuǐ
供求	gōng qiú
供电	gōng diàn
供稿	gōng gǎo
供给	gōng jǐ
供过于求	gōng guò yú qiú
供销	gōng xiāo
供需	gōng xū
依依不舍	yī yī bù shě
依头缕当	yī tóu lǚ dàng
便宜	pián yi
便溺	biàn niào
俏皮	qiào pí
保得住	bǎo de zhù
保长	bǎo zhǎng
信号弹	xìn hào dàn
信差	xìn chāi
信皮儿	xìn pí er
俭不中礼	jiǎn bú zhòng lǐ
修鳞养爪	xiū lín yǎng zhǎo
倒数	dào shǔ
倒果为因	dào guǒ wéi yīn
倒腾	dǎo teng
倒裳索领	dào cháng suǒ lǐng
倒载干戈	dào zài gān gē
倔头倔脑	juè tóu juè nǎo
倔头强脑	juè tóu jiàng nǎo
倔强	jué jiàng
倚闾望切	yǐ lǘ wàng qiē
借调	jiè diào
倡而不和	chàng ér bú hè
倦鸟知还	juàn niǎo zhī huán
倾肠倒肚	qīng cháng dào dǔ
偃革为轩	yǎn gé wéi xuān
假一	jiǎ yī
假发	jiǎ fà
假期	jià qī
偏听偏信	piān tīng piān xìn
偏差	piān chā
停留长智	tíng liú zhǎng zhì
健将	jiàn jiàng
偷空	tōu kòng
偿还	cháng huán
傍若无人	páng ruò wú rén
傧相	bīn xiàng
储量	chǔ liàng
催泪弹	cuī lèi dàn
傲不可长	ào bù kě zhǎng
傻劲儿	shǎ jìn er
像模像样	xiàng mú xiàng yàng
儒将	rú jiàng
儗不于伦	nǐ bù yú lún
儿女亲家	ér nǚ qìng jiā
儿女心肠	ér nǚ xīn cháng
儿女成行	ér nǚ chéng háng
儿子	ér zi
允当	yǔn dàng
兄死弟及	xiōng sǐ dì jí
兄长	xiōng zhǎng
充其量	chōng qí liàng
充分	chōng fèn
充塞	chōng sè
兆头	zhào tou
先下手为强	xiān xià shǒu wéi qiáng
先我着鞭	xiān wǒ zhuó biān
先睹为快	xiān dǔ wéi kuài
光晕	guāng yùn
光杆	guāng gǎn
克什米尔	kè shí mǐ ěr
免得	miǎn de
兔丝燕麦	tù sī yàn mài
兔头麞脑	tù tóu zhāng nǎo
兔子	tù zi
兔葵燕麦	tù kuí yàn mài
党内外	dǎng nèi wài
党参	dǎng shēn
党豺为虐	dǎng chái wéi nüè
兜肚连肠	dōu dǔ lián cháng
入吾彀中	rù wú gòu zhōng
入土为安	rù tǔ wéi ān
入理切情	rù lǐ qiē qíng
入行	rù háng
入铁主簿	rù tiě zhǔ bù
八一	bā yī
公了	gōng liǎo
公公	gōng gong
公切线	gōng qiē xiàn
公家	gōng jia
公差	gōng chāi
公干	gōng gàn
公转	gōng zhuàn
六一	liù yī
六安	lù ān
六尺之讬	liù chǐ zhī tuō
共为唇齿	gòng wéi chún chǐ
共处	gòng chǔ
共枝别干	gòng zhī bié gàn
关卡	guān qiǎ
兴会	xìng huì
兴冲冲	xìng chōng chōng
兴味	xìng wèi
兴头	xìng tou
兴文匽武	xīng wén yǎn wǔ
兴致	xìng zhì
兴观群怨	xìng guān qún yuàn
兴趣	xìng qù
兴高彩烈	xìng gāo cǎi liè
兴高采烈	xìng gāo cǎi liè
兵不由将	bīng bù yóu jiàng
兵多将广	bīng duō jiàng guǎng
兵强将勇	bīng qiáng jiàng yǒng
兵微将寡	bīng wēi jiàng guǎ
其一	qí yī
典当	diǎn dàng
养分	yǎng fèn
养尊处优	yǎng zūn chǔ yōu
养精畜锐	yǎng jīng xù ruì
内分泌腺	nèi fèn mì xiàn
内切圆	nèi qiē yuán
内省	nèi xǐng
内蒙	nèi měng
内行	nèi háng
冒名接脚	mào míng jiē jiǎo
冒失	mào shi
军乐	jūn yuè
军长	jūn zhǎng
农行	nóng háng
冠军	guàn jūn
冠屦倒施	guàn jù dǎo shī
冠山戴粒	guàn shān dài lì
冤家对头	yuān jia duì tóu
冰解的破	bīng jiě dì pò
冲冠眦裂	chōng guàn zì liè
冲劲	chòng jìn
冲劲儿	chòng jìn er
冲压	chòng yā
冲量	chōng liàng
冷颤	lěng zhàn
准头	zhǔn tou
准将	zhǔn jiàng
凉快	liáng kuai
几乎	jī hū
几案	jī àn
几率	jī lǜ
凤靡鸾吪	fèng mǐ luán é
凭几据杖	píng jī jù zhàng
凭城借一	píng chéng jiè yī
凶横	xiōng hèng
凶相	xiōng xiàng
出入无间	chū rù wú jiān
出塞	chū sài
出处殊途	chū chǔ shū tú
出处语默	chū chǔ yǔ mò
出处进退	chū chǔ jìn tuì
出头露面	chū tóu lù miàn
出将入相	chū jiàng rù xiàng
出差	chū chāi
出没	chū mò
出落	chū luò
出门应辙	chū mén yīng zhé
击中	jī zhòng
击排冒没	jī pái mào mò
凿龟数策	záo guī shǔ cè
刀把	dāo bà
刀耕火种	dāo gēng huǒ zhòng
刁钻	diāo zuān
刁难	diāo nàn
分为	fēn wéi
分内	fèn nèi
分划	fēn huá
分叉	fēn chà
分外	fèn wài
分子量	fēn zǐ liàng
分得	fēn de
分毫不差	fēn háo bú chà
分量	fèn liàng
分风劈流	fēn fēng pǐ liú
切中	qiè zhòng
切中要害	qiè zhòng yào hài
切入	qiē rù
切削	qiē xiāo
切割	qiē gē
切勿	qiè wù
切变	qiē biàn
切口	qiē kǒu
切断	qiē duàn
切树倒根	qiē shù dǎo gēn
切片	qiē piàn
切理餍心	qiē lǐ yàn xīn
切磋	qiē cuō
切花	qiē huā
切身体会	qiè shēn tǐ huì
切近的当	qiē jìn de dāng
切除	qiē chú
切面	qiē miàn
划不来	huá bù lái
划伤	huá shāng
划地为牢	huá dì wéi láo
划得来	huá de lái
划拉	huá la
划拳	huá quán
划桨	huá jiǎng
划算	huá suàn
划船	huá chuán
划艇	huá tǐng
划过	huá guò
列传	liè zhuàn
列车长	liè chē zhǎng
刚劲	gāng jìng
创伤	chuāng shāng
创口	chuāng kǒu
创巨痛深	chuāng jù tòng shēn
创痛	chuāng tòng
创面	chuāng miàn
初一	chū yī
删削	shān xuē
判处	pàn chǔ
刨床	bào chuáng
利令志惛	lì lìng zhì hūn
别传	bié zhuàn
别别的	biè bié de
别扭	biè niu
刷子	shuā zi
刷白	shuà bái
刹住	shā zhù
刹车	shā chē
刺猬	cì wei
刻划	kè huà
刻木为鹄	kè mù wéi hú
刻薄	kè bó
剂量	jì liàng
削价	xuē jià
削减	xuē jiǎn
削发	xuē fà
削壁	xuē bì
削尖脑袋	xuē jiān nǎo dài
削平	xuē píng
削弱	xuē ruò
削木为吏	xuē mù wéi lì
削株掘根	xuē zhū jué gēn
削瘦	xuē shòu
削职为民	xuē zhí wéi mín
削足适履	xuē zú shì lǚ
削铁如泥	xuē tiě rú ní
削铁无声	xuē tiě wú shēng
前仆后继	qián pū hòu jì
前头	qián tou
剥削	bō xuē
剥皮抽筋	bō pí chōu jīn
剥肤椎髓	bō fū chuí suǐ
剪发	jiǎn fà
割切	gē qiē
割舍	gē shě
剸繁决剧	tuán fán jué jù
劈柴	pǐ chái
力气	lì qi
力量	lì liàng
劝百讽一	quàn bǎi fěng yī
劝降	quàn xiáng
功不可没	gōng bù kě mò
功劳簿	gōng láo bù
功薄蝉翼	gōng bó chán yì
加载	jiā zài
动中窾要	dòng zhōng kuǎn yào
动弹	dòng tan
动量	dòng liàng
助兴	zhù xìng
助天为虐	zhù tiān wéi nüè
助纣为虐	zhù zhòu wéi nüè
助长	zhù zhǎng
努劲儿	nǔ jìn er
劲射	jìng shè
劲敌	jìng dí
劲旅	jìng lǚ
劲风	jìng fēng
劳什子	láo shí zi
勇冠三军	yǒng guàn sān jūn
勉为其难	miǎn wéi qí nán
勉强	miǎn qiǎng
勾当	gòu dàng
勾搭	gōu da
匀称	yún chèn
包扎	bāo zā
化为	huà wéi
化子	huà zi
化整为零	huà zhěng wéi líng
化枭为鸠	huà xiāo wéi jiū
化腐为奇	huà fǔ wéi qí
化险为夷	huà xiǎn wéi yí
化鸱为凤	huà chī wéi fèng
北窗高卧	běi chuāng gāo wò
北辰星拱	běi chén xīng gǒng
北鄙之音	běi bǐ zhī yīn
匡救弥缝	kuāng jiù mí fèng
区长	qū zhǎng
十不当一	shí bù dāng yī
十魔九难	shí mó jiǔ nàn
千了百当	qiān liǎo bǎi dàng
千差万别	qiān chā wàn bié
午觉	wǔ jiào
半夜三更	bàn yè sān gēng
华佗	huà tuó
华发	huá fà
华山	huà shān
华达呢	huá dá ní
卑宫菲食	bēi gōng fěi shí
单一	dān yī
单于	chán yú
单子	dān zi
单干	dān gàn
单薄	dān bó
单调	dān diào
卖文为生	mài wén wéi shēng
卖李钻核	mài lǐ zuān hé
卖相	mài xiàng
南腔北调	nán qiāng běi diào
南蛮鴂舌	nán mán jué shé
南贩北贾	nán fàn běi gǔ
博文约礼	bó wén yuē lǐ
博闻强识	bó wén qiáng zhì
占便宜	zhàn pián yi
占卜	zhān bǔ
占卦	zhān guà
占星	zhān xīng
占风望气	zhān fēng wàng qì
卡壳	qiǎ ké
卡脖子	qiǎ bó zi
卬首信眉	áng shǒu shēn méi
印累绶若	yìn léi shòu ruò
危如累卵	wēi rú lěi luǎn
危难	wēi nàn
即兴	jí xìng
卷云	juǎn yún
卷发	juǎn fà
卷子	juàn zi
卷席而葬	juǎn xí ér zàng
卷心菜	juǎn xīn cài
卷曲	juǎn qū
卷烟	juǎn yān
卷甲倍道	juǎn jiǎ bèi dào
卷笔刀	juǎn bǐ dāo
卷起	juǎn qǐ
卷铺盖	juǎn pū gài
卸磨杀驴	xiè mò shā lǘ
卸载	xiè zài
厂子	chǎng zi
厂长	chǎng zhǎng
厄难	è nàn
厅长	tīng zhǎng
历历可数	lì lì kě shǔ
历数	lì shǔ
压根	yà gēn
压根儿	yà gēn er
压良为贱	yā liáng wéi jiàn
压轴	yā zhòu
厌恶	yàn wù
厚古薄今	hòu gǔ bó jīn
厚味腊毒	hòu wèi xī dú
厚德载物	hòu dé zài wù
厚朴	hòu pò
厚此薄彼	hòu cǐ bó bǐ
厚积薄发	hòu jī bó fā
厚薄	hòu báo
厝火燎原	cuò huǒ liǎo yuán
厦门	xià mén
县长	xiàn zhǎng
参与	cān yù
参伍错综	cēn wǔ cuò zōng
参差	cēn cī
参差不一	cēn cī bù yī
参谋长	cān móu zhǎng
参辰卯酉	shēn chén mǎo yǒu
参量	cān liàng
叉子	chā zi
及宾有鱼	jí bīn yǒu yú
双柑斗酒	shuāng gān dǒu jiǔ
反劳为逸	fǎn láo wéi yì
反差	fǎn chā
反省	fǎn xǐng
反调	fǎn diào
反败为胜	fǎn bài wéi shèng
反间	fǎn jiàn
发人深省	fā rén shēn xǐng
发卡	fà qiǎ
发型	fà xíng
发奸擿伏	fā jiān tī fú
发妻	fà qī
发廊	fà láng
发式	fà shì
发引千钧	fà yǐn qiān jūn
发短心长	fà duǎn xīn cháng
发脾气	fā pí qi
发菜	fà cài
发行量	fā xíng liàng
发辫	fà biàn
发还	fā huán
发际	fà jì
发难	fā nàn
发髻	fà jì
叔叔	shū shu
取予有节	qǔ yǔ yǒu jié
取舍	qǔ shě
受降	shòu xiáng
变得	biàn de
变更	biàn gēng
变相	biàn xiàng
变调	biàn diào
变贪厉薄	biàn tān lì bó
变量	biàn liàng
口干舌焦	kǒu gān shé jiāo
口碑载道	kǒu bēi zài dào
口腹之累	kǒu fù zhī lěi
口角春风	kǒu jiǎo chūn fēng
口角生风	kǒu jiǎo shēng fēng
口角风情	kǒu jiǎo fēng qíng
口轻舌薄	kǒu qīng shé bó
古为今用	gǔ wéi jīn yòng
古朴	gǔ pǔ
古调不弹	gǔ diào bù tán
古调单弹	gǔ diào dān tán
句子	jù zi
句读	jù dòu
叨咕	dáo gu
叨在知己	tāo zài zhī jǐ
叨扰	tāo rǎo
叨陪末座	tāo péi mò zuò
只好	zhǐ hǎo
只当	zhǐ dāng
只怕	zhǐ pà
只是	zhǐ shì
只有	zhǐ yǒu
只管	zhǐ guǎn
只能	zhǐ néng
只要	zhǐ yào
只见	zhǐ jiàn
只许	zhǐ xǔ
只顾	zhǐ gù
叫化	jiào huà
可怜相	kě lián xiàng
可恶	kě wù
可汗	kè hán
可的松	kě dì sōng
台子	tái zi
叱喝	chì hè
叶公好龙	yè gōng hào lóng
叶子	yè zi
号叫	háo jiào
号哭	háo kū
号啕	háo táo
号子	hào zi
司务长	sī wù zhǎng
司长	sī zhǎng
叹为观止	tàn wéi guān zhǐ
叽叽喳喳	jī ji zhā zhā
叽哩咕噜	jī lǐ gū lū
吁请	yù qǐng
吃得下	chī de xià
吃得住	chī de zhù
吃得开	chī de kāi
吃得来	chī de lái
吃得消	chī de xiāo
吃里扒外	chī lǐ pá wài
各奔前程	gè bèn qián chéng
各有所好	gè yǒu suǒ hào
各有所长	gè yǒu suǒ cháng
各自为战	gè zì wéi zhàn
各色名样	gè sè míng yàng
各行	gè háng
吆五喝六	yāo wǔ hè liù
吆喝	yāo he
合一	hé yī
合两为一	hé liǎng wéi yī
合二为一	hé èr wéi yī
合从连衡	hé zòng lián héng
合同	hé tong
合得来	hé de lái
合而为一	hé ér wéi yī
吉人天相	jí rén tiān xiàng
吊丧	diào sāng
吊儿郎当	diào er láng dāng
同好	tóng hào
同恶相助	tóng wù xiāng zhù
同恶相恤	tóng wù xiāng xù
同行	tóng háng
同调	tóng diào
名将	míng jiàng
名我固当	míng wǒ gù dāng
名角	míng jué
后头	hòu tou
吐哺握发	tǔ bǔ wò fà
吐蕃	tǔ bō
吐谷浑	tǔ yù hún
吓唬	xià hu
吗啡	mǎ fēi
君子好逑	jūn zǐ hǎo qiú
吞没	tūn mò
吞言咽理	tūn yán yàn lǐ
吟哦	yín é
吡咯	bǐ luò
否极泰	pǐ jí tài
否泰	pǐ tài
否终则泰	pǐ zhōng zé tài
吧台	bā tái
吧唧	bā jī
吧嗒	bā dā
含含糊糊	hán hán hu hū
含糊	hán hu
含糊不明	hán hú bù míng
含糊其词	hán hú qí cí
含糊其辞	hán hú qí cí
含英咀华	hán yīng jǔ huá
含量	hán liàng
听差	tīng chāi
听而不闻	tīng ér bù wén
吭哧	kēng chī
吵吵闹闹	chāo chao nào nào
吸着	xī zhe
吾自有处	wú zì yǒu chǔ
告假	gào jià
告朔饩羊	gù shuò xì yáng
呢喃	ní nán
呢绒	ní róng
周一	zhōu yī
周正	zhōu zhèng
呱呱叫	guā guā jiào
呼不给吸	hū bù jǐ xī
呼卢喝雉	hū lú hè zhì
呼号	hū háo
呼吁	hū yù
呼喝	hū hè
呼天抢地	hū tiān qiāng dì
呼幺喝六	hū yāo hè liù
呼来喝去	hū lái hè qù
命中	mìng zhòng
命中注定	mìng zhōng zhù dìng
咀嚼	jǔ jué
咋舌	zé shé
和稀泥	huò xī ní
和颜说色	hé yán yuè sè
咏叹调	yǒng tàn diào
咔嚓	kā chā
咧嘴	liě zuǐ
咯血	kǎ xiě
咱家	zán jiā
咳唾成珠	ké tuò chéng zhū
咳喘	ké chuǎn
咳嗽	ké sou
咳特灵	ké tè líng
咳珠唾玉	ké zhū tuò yù
咳血	ké xuè
咽喉	yān hóu
咽峡炎	yān xiá yán
咽炎	yān yán
咿呀	yī yā
咿咿呀呀	yī yī yā yā
哀乐	āi yuè
哀号	āi háo
哄传	hōng chuán
哄动	hōng dòng
哄堂大笑	hōng táng dà xiào
哄抢	hōng qiǎng
哄抬	hōng tái
哄笑	hōng xiào
哈巴狗	hǎ ba gǒu
哈欠	hā qian
哈达	hǎ dá
哎呀	āi yā
哑巴	yǎ ba
哗哗	huā huā
哗啦	huā lā
哥哥	gē ge
哨卡	shào qiǎ
哩哩啦啦	lī li lā lā
哪会儿	nǎ huì er
哪吒	né zhā
哭丧	kū sāng
哭丧棒	kū sāng bàng
哼哈二将	hēng hā èr jiàng
唉声叹气	āi shēng tàn qì
唠叨	láo dao
唠唠叨叨	láo lao dāo dāo
唯一	wéi yī
唱和	chàng hè
商行	shāng háng
啊哈	ā ha
啊哟	ā yō
啛啛喳喳	cuì cuì chā chā
啼饥号寒	tí jī háo hán
善为说辞	shàn wéi shuō cí
善善恶恶	shàn shàn wù è
善自为谋	shàn zì wéi móu
善财难舍	shàn cái nán shě
喇叭	lǎ ba
喇嘛	lǎ ma
喜好	xǐ hào
喜怒哀乐	xǐ nù āi lè
喜欢	xǐ huan
喝令	hè lìng
喝倒彩	hè dào cǎi
喝彩	hè cǎi
喝斥	hè chì
喝道	hè dào
喝采	hè cǎi
喝问	hè wèn
喷香	pèn xiāng
嗑牙料嘴	kē yá liào zuǐ
嗓子	sǎng zi
嗜好	shì hào
嘀嗒	dī dā
嘁嘁喳喳	qī qī chā chā
嘎吱	gā zhī
嘎嘎	gā gā
嘎嘣脆	gā bēng cuì
嘎渣儿	gā zhā er
嘴巴	zuǐ ba
器乐	qì yuè
器量	qì liàng
噼里啪啦	pī li pā lā
嚷嚷	rāng rang
嚼墨喷纸	jué mò pēn zhǐ
嚼铁咀金	jiáo tiě jǔ jīn
四一	sì yī
四不拗六	sì bú niù liù
四亭八当	sì tíng bā dàng
四海为家	sì hǎi wéi jiā
四通	sì tōng
四通八达	sì tōng bā dá
四马攒蹄	sì mǎ cuán tí
回船转舵	huí chuán zhuàn duò
因树为屋	yīn shù wéi wū
因缘为市	yīn yuán wéi shì
团团转	tuán tuán zhuàn
团头聚面	tuán tóu jù miàn
团长	tuán zhǎng
固着	gù zhuó
国乐	guó yuè
国子监	guó zǐ jiàn
图穷匕见	tú qióng bǐ xiàn
圈子	quān zi
圈牢养物	juàn láo yǎng wù
土生土长	tǔ shēng tǔ zhǎng
土疙瘩	tǔ gē da
圣君贤相	shèng jūn xián xiàng
圣经贤传	shèng jīng xián zhuàn
在劫难逃	zài jié nán táo
在行	zài háng
圩场	xū chǎng
地壳	dì qiào
地处	dì chǔ
场子	chǎng zi
场院	cháng yuàn
坎坷	kǎn kě
坏裳为裤	huài shang wéi kù
坐不窥堂	zuò bù kuī táng
坐不重席	zuò bù chóng xí
坐地自划	zuò dì zì huá
坐视不救	zuò shī bú jiù
坤角儿	kūn jué er
坦率	tǎn shuài
垂头搨翼	chuí tóu tà yì
垛口	duǒ kǒu
垛子	duò zi
垦种	kěn zhòng
埋三怨四	mán sān yuàn sì
埋怨	mán yuàn
埋没	mái mò
城北徐公	chéng běi xú gōng
城垛	chéng duǒ
埙篪相和	xūn chí xiāng hè
基干	jī gàn
堆案盈几	duī àn yíng jī
堰塞湖	yàn sè hú
堵塞	dǔ sè
塔什干	tǎ shí gān
塞上	sài shàng
塞井焚舍	sāi jǐng fén shě
塞北	sài běi
塞外	sài wài
塞子	sāi zi
塞翁失马	sài wēng shī mǎ
塞音	sè yīn
填塞	tián sè
填空	tián kòng
增量	zēng liàng
增长	zēng zhǎng
壅塞	yōng sè
士大夫	shì dà fū
壮发冲冠	zhuàng fā chōng guàn
声乐	shēng yuè
声调	shēng diào
处世	chǔ shì
处之泰然	chǔ zhī tài rán
处事	chǔ shì
处于	chǔ yú
处决	chǔ jué
处分	chǔ fèn
处刑	chǔ xíng
处变不惊	chǔ biàn bù jīng
处堂燕雀	chǔ táng yàn què
处境	chǔ jìng
处士	chǔ shì
处女	chǔ nǚ
处实效功	chǔ shí xiào gōng
处尊居显	chǔ zūn jū xiǎn
处心积虑	chǔ xīn jī lǜ
处方	chǔ fāng
处死	chǔ sǐ
处治	chǔ zhì
处理	chǔ lǐ
处罚	chǔ fá
处置	chǔ zhì
处身	chǔ shēn
处高临深	chǔ gāo lín shēn
复辟	fù bì
外传	wài zhuàn
外头	wài tou
外差	wài chā
外甥女	wài sheng nǚ
外相	wài xiàng
外行	wài háng
外调	wài diào
外长	wài zhǎng
多弹头	duō dàn tóu
多文为富	duō wén wéi fù
多灾多难	duō zāi duō nàn
多相	duō xiàng
多端寡要	duō duān guǎ yào
多言数穷	duō yán shuò qióng
多财善贾	duō cái shàn gǔ
多难兴邦	duō nàn xīng bāng
夜猫子	yè māo zi
够劲儿	gòu jìn er
大人先生	dà rén xiān sheng
大出风头	dà chū fēng tóu
大吹大擂	dà chuī dà léi
大城	dài chéng
大堡礁	dà bǎo jiāo
大大咧咧	dà da liē liē
大夫	dài fu
大婶儿	dà shěn er
大将	dà jiàng
大师傅	dà shī fu
大干	dà gàn
大方	dà fāng
大明法度	dà míng fǎ dù
大有可为	dà yǒu kě wéi
大模大样	dà mú dà yàng
大溜	dà liù
大猩猩	dà xīng xing
大璞不完	dà pú bù wán
大而无当	dà ér wú dàng
大腹便便	dà fù pián pián
大藏	dà zàng
大行大市	dà háng dà shì
大调	dà diào
大车以载	dà chē yǐ zài
大轴子	dà zhòu zi
大量	dà liàng
大难	dà nàn
大雨滂沱	dà yǔ pāng tuó
大马哈鱼	dà mǎ hǎ yú
天下为一	tiān xià wéi yī
天下为公	tiān xià wéi gōng
天下为家	tiān xià wéi jiā
天下为笼	tiān xià wéi lóng
天兵天将	tiān bīng tiān jiàng
天分	tiān fèn
天华	tiān huá
天台路迷	tiān tái lù mí
天呀	tiān yā
天差地远	tiān chā dì yuǎn
天年不遂	tiān nián bú suì
天旋地转	tiān xuán dì zhuàn
天道好还	tiān dào hǎo huán
太监	tài jian
太行	tài háng
失当	shī dàng
失魂落魄	shī hún luò pò
头会箕敛	tóu kuài jī liǎn
头儿	tóu er
头出头没	tóu chū tóu mò
头发	tóu fa
头子	tóu zi
头昏脑闷	tóu hūn nǎo mèn
头没杯案	tóu mò bēi àn
夷为平地	yí wéi píng dì
夹七夹八	jiā qī jiā bā
夹克	jiā kè
夹具	jiā jù
夹击	jiā jī
夹墙	jiā qiáng
夹子	jiā zi
夹层	jiā céng
夹层玻璃	jiā céng bō li
夹带	jiā dài
夹心	jiā xīn
夹持	jiā chí
夹攻	jiā gōng
夹杂	jiā zá
夹板	jiā bǎn
夹枪带棒	jiā qiāng dài bàng
夹棍	jiā gùn
夹生	jiā shēng
夹竹桃	jiā zhú táo
夹紧	jiā jǐn
夹缝	jiā fèng
夹袋人物	jiā dài rén wù
夹角	jiā jiǎo
夹道	jiā dào
夺人所好	duó rén suǒ hào
夺冠	duó guàn
夺得	duó dé
奇偶	jī ǒu
奇函数	jī hán shù
奇数	jī shù
奉为圭臬	fèng wéi guī niè
奉为楷模	fèng wéi kǎi mó
奉为至宝	fèng wéi zhì bǎo
奉还	fèng huán
奋发有为	fèn fā yǒu wéi
奏乐	zòu yuè
奔丧	bēn sāng
奔头	bèn tou
奔头儿	bèn tou er
套色	tào shǎi
奥得河	ào de hé
女大难留	nǚ dà nán liú
女婿	nǚ xu
女将	nǚ jiàng
女强人	nǚ qiáng rén
女红	nǚ gōng
奶奶	nǎi nai
好丹非素	hào dān fēi sù
好为事端	hào wéi shì duān
好为人师	hào wéi rén shī
好事之徒	hào shì zhī tú
好动	hào dòng
好勇斗狠	hào yǒng dòu hěn
好吃懒做	hào chī lǎn zuò
好大喜功	hào dà xǐ gōng
好奇	hào qí
好奇尚异	hǎo qí shàng yì
好好	hǎo hǎo
好好儿	hǎo hāo er
好好先生	hǎo hǎo xiān sheng
好学	hào xué
好客	hào kè
好恶	hào wù
好恶不同	hǎo è bù tóng
好意思	hǎo yì si
好战	hào zhàn
好整以暇	hào zhěng yǐ xiá
好斗	hào dòu
好生之德	hào shēng zhī dé
好胜	hào shèng
好自为之	hǎo zì wéi zhī
好色	hào sè
好逸恶劳	hào yì wù láo
好酒贪杯	hào jiǔ tān bēi
好问决疑	hào wèn jué yí
好问则裕	hào wèn zé yù
好高骛远	hào gāo wù yuǎn
如一	rú yī
如切如磋	rú qiē rú cuō
如履薄冰	rú lǚ bó bīng
如数家珍	rú shǔ jiā zhēn
如水投石	rú shuǐ tóu shí
如登春台	rú dēng chūn tái
妃子	fēi zi
妄为	wàng wéi
妈妈	mā ma
妍蚩好恶	yán chī hǎo è
妥当	tuǒ dàng
妹夫	mèi fu
妹妹	mèi mei
始终若一	shǐ zhōng ruò yī
姐夫	jiě fu
姐姐	jiě jie
姑姑	gū gu
姑射神人	gū yè shén rén
姑父	gū fu
委委佗佗	wēi wēi tuó tuó
委屈	wěi qu
委曲	wěi qū
委靡	wěi mǐ
姘头	pīn tou
姥姥	lǎo lao
姥爷	lǎo ye
姨夫	yí fu
姨子	yí zi
威吓	wēi hè
娃娃	wá wa
娃娃亲	wá wa qīn
婀娜	ē nuó
婆婆	pó po
婆家	pó jia
婶婶	shěn shen
嫂子	sǎo zi
嫌恶	xián wù
子为父隐	zǐ wéi fù yǐn
子弹	zǐ dàn
子母弹	zǐ mǔ dàn
字帖	zì tiè
字模	zì mú
字里行间	zì lǐ háng jiān
孙子	sūn zi
孟什维克	mèng shí wéi kè
学长	xué zhǎng
孩子	hái zi
宁可	nìng kě
宁愿	nìng yuàn
宁折不弯	nìng zhé bù wān
宁死不屈	nìng sǐ bù qū
宁缺毋滥	nìng quē wú làn
宁肯	nìng kěn
安分	ān fèn
安时处顺	ān shí chǔ shùn
安步当车	ān bù dàng chē
安老怀少	ān lǎo huái shào
安身为乐	ān shēn wéi lè
宋斤鲁削	sòng jīn lǔ xuē
官差	guān chāi
官长	guān zhǎng
定冠词	dìng guàn cí
定都	dìng dū
定量	dìng liàng
宝宝	bǎo bao
宝藏	bǎo zàng
实与有力	shí yù yǒu lì
实干	shí gàn
实弹	shí dàn
实逼处此	shí bī chǔ cǐ
实际上	shí jì shang
审己度人	shěn jǐ duó rén
审度	shěn duó
审时度势	shěn shí duó shì
审查	shěn chá
宣传弹	xuān chuán dàn
宫观	gōng guàn
宫调	gōng diào
宰相	zǎi xiàng
家什	jiā shí
家伙	jiā huo
家当	jiā dàng
家累	jiā lěi
家累千金	jiā lèi qiān jīn
家给人足	jiā jǐ rén zú
家道从容	jiā dào cóng róng
家长	jiā zhǎng
家长里短	jiā cháng lǐ duǎn
容量	róng liàng
宽大为怀	kuān dà wéi huái
宽绰	kuān chuo
宿将	sù jiàng
寄兴寓情	jì xìng yù qíng
富商大贾	fù shāng dà gǔ
富商巨贾	fù shāng jù jiǎ
寒假	hán jià
寒酸落魄	hán suān luò pò
寒颤	hán zhàn
察察为明	chá chá wéi míng
寡廉鲜耻	guǎ lián xiǎn chǐ
寡见鲜闻	guǎ jiàn xiǎn wén
寥寥可数	liáo liáo kě shǔ
寸劲儿	cùn jìn er
寸积铢累	cùn jī zhū lěi
对子	duì zi
对得住	duì de zhù
对得起	duì de qǐ
对着干	duì zhe gàn
对称	duì chèn
对调	duì diào
寺观	sì guàn
寻思	xún si
寻欢作乐	xún huān zuò lè
寻行数墨	xún háng shǔ mò
导弹	dǎo dàn
封豨修蛇	fēng xī xiū shé
射干	shè gàn
将令	jiàng lìng
将取固予	jiāng qǔ gù yǔ
将士	jiàng shì
将夺固与	jiāng duó gù yǔ
将官	jiàng guān
将帅	jiàng shuài
将校	jiàng xiào
将相	jiàng xiàng
将门	jiàng mén
将门有将	jiàng mén yǒu jiàng
将领	jiàng lǐng
小传	xiǎo zhuàn
小子	xiǎo zi
小家子气	xiǎo jiā zi qì
小将	xiǎo jiàng
小眼薄皮	xiǎo yǎn bó pí
小调	xiǎo diào
小量	xiǎo liàng
少不更事	shào bù gēng shì
少儿	shào ér
少先队	shào xiān duì
少壮	shào zhuàng
少女	shào nǚ
少奶奶	shào nǎi nai
少妇	shào fù
少将	shào jiàng
少尉	shào wèi
少年	shào nián
少府	shào fǔ
少成若性	shào chéng ruò xìng
少林拳	shào lín quán
少校	shào xiào
少爷	shào ye
少男	shào nán
少量	shǎo liàng
少阳	shào yáng
尖嘴薄舌	jiān zuǐ bó shé
尤云殢雨	yóu yún tì yǔ
尥蹶子	liào juě zi
尸居龙见	shī jū lóng xiàn
尺二冤家	chǐ èr yuān jia
尺子	chǐ zi
尺寸之功	chǐ cùn zhī gōng
尺短寸长	chǐ duǎn cùn cháng
尽兴	jìn xìng
尽力而为	jìn lì ér wéi
尽可能	jǐn kě néng
尽多尽少	jǐn duō jǐn shǎo
尽快	jǐn kuài
尽早	jǐn zǎo
尽管	jǐn guǎn
尽量	jǐn liàng
尾巴	wěi ba
尿泡	suī pào
层台累榭	céng tái lěi xiè
层见迭出	céng xiàn dié chū
居下讪上	jū xià shàn shàng
居丧	jū sāng
屈戌儿	qū qu ér
屈指可数	qū zhǐ kě shǔ
屋子	wū zi
屎壳郎	shǐ ke làng
屏声息气	bǐng shēng xī qì
屏弃	bǐng qì
屏息	bǐng xī
屏气	bǐng qì
屙金溺银	ē jīn niào yín
属垣有耳	zhǔ yuán yǒu ěr
属毛离里	zhǔ máo lí lǐ
属相	shǔ xiàng
属辞比事	zhǔ cí bǐ shì
屡教不改	lǚ jiào bù gǎi
屯子	tún zi
山殽野湋	shān yáo yě wéi
山溜穿石	shān liù chuān shí
山节藻棁	shān jié zǎo zhuō
山里红	shān li hóng
山阴乘兴	shān yīn chéng xīng
岁差	suì chā
岂弟君子	kǎi tì jūn zǐ
岗头泽底	gāng tóu zé dǐ
峨峨汤汤	é é shāng shāng
峻阪盐车	jùn bǎn yán chē
崆峒	kōng tóng
川藏公路	chuān zàng gōng lù
州长	zhōu zhǎng
工作量	gōng zuò liàng
工尺	gōng chě
工行	gōng háng
左宜右有	zuǒ yí yòu yǒu
左枝右梧	zuǒ zhī yòu wú
左膀右臂	zuǒ bǎng yòu bì
巧发奇中	qiǎo fā qí zhòng
巨贾	jù gǔ
巨量	jù liàng
差三错四	chā sān cuò sì
差事	chāi shì
差价	chā jià
差使	chāi shǐ
差别	chā bié
差官	chāi guān
差异	chā yì
差强人意	chā qiáng rén yì
差役	chāi yì
差数	chā shù
差池	chā chí
差距	chā jù
差遣	chāi qiǎn
差错	chā cuò
差额	chā é
巴尔喀什湖	bā ěr kā shí hú
巴尔干半岛	bā ěr gàn bàn dǎo
巴结	bā jie
巷子	xiàng zi
巷道	hàng dào
市长	shì zhǎng
布尔什维克	bù ěr shí wéi kè
布鲁塞尔	bù lǔ sài ěr
师傅	shī fu
师父	shī fu
师直为壮	shī zhí wéi zhuàng
师长	shī zhǎng
帖子	tiě zi
帝都	dì dū
帡天极地	píng tiān jí dì
带累	dài lèi
席卷	xí juǎn
席子	xí zi
帮闲钻懒	bāng xián zuān lǎn
帷薄不修	wéi bó bù xiū
帽子	mào zi
干一行	gàn yì háng
干事	gàn shì
干什么	gàn shén me
干仗	gàn zhàng
干净利索	gàn jìng lì suǒ
干劲	gàn jìn
干名犯义	gàn míng fàn yì
干吗	gàn má
干咳	gān ké
干哪行	gàn nǎ háng
干啼湿哭	gàn tí shī kū
干城之将	gān chéng zhī jiàng
干将莫邪	gān jiāng mò yé
干性油	gān xìng yóu
干才	gàn cái
干掉	gàn diào
干校	gàn xiào
干活	gàn huó
干流	gàn liú
干渠	gàn qú
干电池	gān diàn chí
干线	gàn xiàn
干练	gàn liàn
干结	gān jié
干脆利索	gàn cuì lì suǒ
干警	gàn jǐng
干道	gàn dào
干部	gàn bù
干酵母	gān jiào mǔ
平调	píng diào
平铺直叙	píng pū zhí xù
年华垂暮	nián huá chuí mù
年少	nián shào
年谊世好	nián yì shì hǎo
年长	nián zhǎng
并处	bìng chǔ
并州	bīng zhōu
幺麽小丑	yāo mó xiǎo chǒu
广文先生	guǎng wén xiān sheng
广渠门	ān qú mén
广种薄收	guǎng zhòng bó shōu
广陵散绝	guǎng líng sǎn jué
庄严宝相	zhuāng yán bǎo xiàng
庄稼	zhuāng jia
应允	yīng yǔn
应声	yìng shēng
应声虫	yìng shēng chóng
应天顺时	yīng tiān shùn shí
应届	yīng jiè
应当	yīng dāng
应得	yīng dé
应有	yīng yǒu
应许	yīng xǔ
应该	yīng gāi
应酬	yìng chou
底下	dǐ xià
底子	dǐ zi
庞眉皓发	páng méi hào fà
度假	dù jià
度己以绳	duó jǐ yǐ shéng
度德量力	duó dé liàng lì
度数	dù shu
度量	dù liàng
庭长	tíng zhǎng
庶几	shù jī
庸中皦皦	yōng zhōng jiǎo jiǎo
建行	jiàn háng
建都	jiàn dū
开华结果	kāi huā jié guǒ
开小差	kāi xiǎo chāi
开户行	kāi hù háng
开花结实	kāi huā jié shí
开花结果	kāi huā jiē guǒ
异相	yì xiàng
弄堂	lòng táng
弄玉吹箫	nòng yù chuī xiāo
弄管调弦	nòng guǎn tiáo xián
弄粉调朱	nòng fěn diào zhū
弓调马服	gōng diào mǎ fú
引吭	yǐn háng
引着	yǐn zháo
引绳切墨	yǐn shéng qiē mò
弟兄	dì xiong
弟弟	dì di
张牙舞爪	zhāng yá wǔ zhǎo
弥撒	mí sa
弥缝	mí féng
弦乐	xián yuè
弦切角	xián qiē jiǎo
弯曲	wān qū
弱冠	ruò guàn
弹丸	dàn wán
弹丸脱手	tán wán tuō shǒu
弹坑	dàn kēng
弹壳	dàn ké
弹夹	dàn jiā
弹尽粮绝	dàn jìn liáng jué
弹弓	dàn gōng
弹无虚发	dàn wú xū fā
弹片	dàn piàn
弹着点	dàn zhuó diǎn
弹药	dàn yào
弹道	dàn dào
弹铗无鱼	dàn jiá wú yú
强作解人	qiǎng zuò jiě rén
强凫变鹤	qiáng fú biàn hè
强劲	qiáng jìng
强嘴拗舌	jiàng zuǐ niù shé
强将	qiáng jiàng
强弓劲弩	qiáng gōng jìng nǔ
强征	qiáng zhēng
强得易贫	qiǎng dé yì pín
强横	qiáng hèng
强死强活	qiǎng sǐ qiǎng huó
强求	qiǎng qiú
强留	qiáng liú
强直自遂	qiáng zhí zì suí
强而后可	qiǎng ér hòu kě
强聒不舍	qiǎng guō bù shě
强词夺理	qiǎng cí duó lǐ
强调	qiáng diào
强迫	qiǎng pò
强逼	qiáng bī
强食自爱	qiǎng shí zì ài
强食靡角	qiǎng shí mí jiǎo
归一	guī yī
归一码	guī yì mǎ
归还	guī huán
归降	guī xiáng
当作	dàng zuò
当做	dàng zuò
当务始终	dāng wù shǐ zhōng
当差	dāng chāi
当成	dàng chéng
当真	dàng zhēn
当着不着	dāng zhuó bù zhuó
当行出色	dāng háng chū sè
当轴处中	dāng zhóu chǔ zhōng
当量	dāng liàng
当铺	dàng pù
当间儿	dāng jiàn er
彬彬济济	bīn bīn jǐ jǐ
影子	yǐng zi
往渚还汀	wǎng zhǔ huán tīng
征调	zhēng diào
征辟	zhēng bì
徇难	xùn nàn
得之	dé zhī
得当	dé dàng
得空	dé kòng
得马折足	dé mǎ shé zú
御史大夫	yù shǐ dà fū
微薄	wēi bó
德薄能鲜	dé bó néng xiǎn
心口不一	xīn kǒu bù yī
心口相应	xīn kǒu xiāng yīng
心宽体胖	xīn kuān tǐ pán
心急火燎	xīn jí huǒ liǎo
心手相应	xīn shǒu xiāng yìng
心里有数	xīn lǐ yǒu shù
心里话	xīn lǐ huà
忖度	cǔn duó
忧闷	yōu mèn
念头	niàn tou
怎么着	zěn me zhāo
怒发冲冠	nù fà chōng guān
怒号	nù háo
怒喝	nù hè
怔住	zhèng zhù
思所逐之	sī suǒ zhú zhī
思量	sī liang
急公好义	jí gōng hào yì
怨声载道	yuàn shēng zài dào
怪模怪样	guài mú guài yàng
怪相	guài xiàng
总得	zǒng děi
总行	zǒng háng
总量	zǒng liàng
总长	zǒng zhǎng
恋恋不舍	liàn liàn bù shě
恐吓	kǒng hè
恒量	héng liàng
恨海难填	hèn hǎi nán tián
恫吓	dòng hè
恫疑虚喝	dòng yí xū hè
恬不为怪	tián bù wéi guài
恬不为意	tián bù wéi yì
恰切	qià qiè
恰如其分	qià rú qí fèn
恰当	qià dàng
恶不去善	wù bú qù shàn
恶少	è shào
恶居下流	wù jū xià liú
恶心	ě xīn
恶意中伤	è yì zhòng shāng
恶湿居下	wù shī jū xià
恶醉强酒	wù zuì qiǎng jiǔ
悄声	qiǎo shēng
悄无声息	qiǎo wú shēng xī
悄然	qiǎo rán
悉索薄赋	xī suǒ bó fù
悍将	hàn jiàng
悔不当初	huǐ bù dāng chū
患难	huàn nàn
悬狟素飡	xuán huán sù cān
悬石程书	xuán dàn chéng shū
悬龟系鱼	xuán guī xì yú
悲悲切切	bēi bēi qiè qiē
情凄意切	qíng qī yì qiè
情见乎辞	qíng xiàn hū cí
情见势屈	qíng xiàn shì qū
情调	qíng diào
情非得已	qíng fēi dé yǐ
惟日为岁	wéi rì wéi suì
惟精惟一	wéi jīng wéi yī
惠更斯	huì gēng sī
惩处	chéng chǔ
惯量	guàn liàng
想头	xiǎng tou
想望风褱	xiǎng wàng fēng huái
愁山闷海	chóu shān mèn hǎi
愁闷	chóu mèn
意兴	yì xìng
意兴索然	yì xīng suǒ rán
慈悲为本	cí bēi wéi běn
憋闷	biē mèn
憎恶	zēng wù
懂得	dǒng de
懂行	dǒng háng
懒得	lǎn de
懒散	lǎn sǎn
戎马劻勷	róng mǎ kuāng ráng
戏班子	xì bān zi
成为	chéng wéi
成分	chéng fèn
成吉思汗	chéng jí sī hán
成家立业	chéng jiā lì yè
成年累月	chéng nián lěi yuè
成败兴废	chéng bài xīng fèi
成都	chéng dū
成长	chéng zhǎng
战将	zhàn jiàng
户口簿	hù kǒu bù
户限为穿	hù xiàn wéi chuān
房子	fáng zi
所作所为	suǒ zuò suǒ wéi
扁担	biǎn dàn
扁舟	piān zhōu
扇动	shān dòng
扇子	shàn zi
扇风机	shān fēng jī
手不应心	shǒu bù yīng xīn
手相	shǒu xiàng
手脚干净	shǒu jiǎo gàn jìng
手足异处	shǒu zú yì chǔ
手足重茧	shǒu zú chóng jiǎn
才大难用	cái dà nán yòng
才干	cái gàn
才薄智浅	cái bó zhì qiǎn
扎实	zhā shi
扎挣	zhá zheng
扎染	zā rǎn
扑扇	pū shān
扒手	pá shǒu
扒灰	pá huī
打中	dǎ zhòng
打主意	dǎ zhǔ yì
打发	dǎ fā
打呼噜	dǎ hū lu
打哆嗦	dǎ duō suo
打场	dǎ cháng
打手	dǎ shǒu
打手势	dǎ shǒu shì
打扮	dǎ bàn
打更	dǎ gēng
打板子	dǎ bǎn zi
打点	dǎ diǎn
打着	dǎ zhe
打量	dǎ liang
打闷葫芦	dǎ mèn hú lu
打颤	dǎ zhàn
打马虎眼	dǎ mǎ hu yǎn
执拗	zhí niù
执着	zhí zhuó
执著	zhí zhuó
扪参历井	mén shēn lì jǐng
扫兴	sǎo xìng
扫帚	sào zhou
扫把	sào bǎ
扬风扢雅	yáng fēng jié yǎ
扭曲	niǔ qū
扮相	bàn xiàng
扯纤拉烟	chě qiàn lā yān
扯顺风旗	chě shùn fēng qí
扳手	bān shǒu
批量	pī liàng
扼吭夺食	è háng duó shí
扼襟控咽	è jīn kòng yān
承载	chéng zài
把玩无厌	bǎ wán wú yàn
抑塞磊落	yì sè lěi luò
投传而去	tóu zhuàn ér qù
投其所好	tóu qí suǒ hào
投奔	tóu bèn
投弹	tóu dàn
投降	tóu xiáng
抖搂	dǒu lōu
抗颜为师	kàng yán wéi shī
折子	zhé zi
折箭为誓	shé jiàn wéi shì
折而族之	zhé ér zú zhī
折腾	zhē teng
折衷主义	zhé zhōng zhǔ yì
折跟头	zhē gēn tou
抛头露面	pāo tóu lù miàn
抛撒	pāo sǎ
护士长	hù shi zhǎng
报丧	bào sāng
披发文身	pī fà wén shēn
披散	pī sàn
披靡	pī mǐ
抱法处势	bào fǎ chǔ shì
抱蔓摘瓜	bào wàn zhāi guā
抹布	mā bù
抹煞	mǒ shā
抹粉施脂	mò fěn shī zhī
押解	yā jiè
抽调	chōu diào
担子	dàn zi
担担面	dàn dan miàn
拉家常	lā jiā cháng
拉纤	lā qiàn
拌和	bàn huò
拍子	pāi zi
拍纸簿	pāi zhǐ bù
拐弯抹角	guǎi wān mò jiǎo
拓本	tà běn
拓片	tà piàn
拔本塞源	bá běn sè yuán
拔锅卷席	bá guō juǎn xí
拖累	tuō lěi
拘泥	jū nì
拘神遣将	jū shén qiǎn jiàng
拚命	pīn mìng
招降	zhāo xiáng
拜将封侯	bài jiàng fēng hóu
拥塞	yōng sè
择菜	zhái cài
拮据	jié jū
拱券	gǒng xuàn
拱手而降	gǒng shǒu ér xiáng
拱肩缩背	gǒng jiān suō bèi
拳头	quán tou
拽巷啰街	zhuài xiàng luó jiē
拽布拖麻	zhuài bù tuō má
拽耙扶犁	zhuāi pá fú lí
拾掇	shí duo
拾掇无遗	shí duō wú yí
挂席为门	guà xí wéi mén
指天为誓	zhǐ tiān wéi shì
指头	zhǐ tou
指山说磨	zhǐ shān shuō mò
指树为姓	zhǐ shù wéi xìng
指皂为白	zhǐ zào wéi bái
指腹为婚	zhǐ fù wéi hūn
指雁为羹	zhǐ yàn wéi gēng
指鹿为马	zhǐ lù wéi mǎ
挑么挑六	tiāo yāo tiāo liù
挑动	tiǎo dòng
挑唆	tiǎo suō
挑唇料嘴	tiǎo chún liào zuǐ
挑大梁	tiǎo dà liáng
挑子	tiāo zi
挑战	tiǎo zhàn
挑担	tiāo dàn
挑拨	tiǎo bō
挑明	tiǎo míng
挑灯	tiǎo dēng
挑牙料唇	tiǎo yá liào chún
挑花	tiǎo huā
挑衅	tiǎo xìn
挑逗	tiǎo dòu
挟势弄权	xié shì nòng quán
挠直为曲	náo zhí wéi qū
挣扎	zhēng zhá
挦章撦句	xián zhāng chě jù
挨个儿	āi gè er
挨山塞海	āi shān sè hǎi
挨斗	ái dòu
挺括	tǐng kuò
捆扎	kǔn zā
捋虎须	luō hǔ xū
损兵折将	sǔn bīng zhé jiàng
换行	huàn háng
捣虚撇抗	dǎo xū piē kàng
据为己有	jù wéi jǐ yǒu
捱风缉缝	ái fēng jī fèng
捻土为香	niǎn tǔ wéi xiāng
捻子	niǎn zi
掎裳连襼	jǐ shang lián yì
排忧解难	pái yōu jiě nàn
排长	pái zhǎng
排难解纷	pái nàn jiě fēn
掞藻飞声	shàn zǎo fēi shēng
探囊胠箧	tàn náng qū qiè
接种	jiē zhòng
推干就湿	tuī gàn jiù shī
推磨	tuī mò
掷弹筒	zhì dàn tǒng
掺和	chān huo
揆情度理	kuí qíng duó lǐ
揎拳捋袖	xuān quán luō xiù
提供	tí gōng
提干	tí gàn
提拉	tí lā
提调	tí diào
提防	dī fáng
握拳透爪	wò quán tòu zhǎo
揣度	chuǎi duó
揣手儿	chuāi shǒu er
搀和	chān huo
搀行夺市	chān háng duó shì
搁得住	gé de zhù
搅和	jiǎo huo
搅混	jiǎo hún
搜岩采干	sōu yán cǎi gàn
搪塞	táng sè
搭载	dā zài
摇滚乐	yáo gǔn yuè
摊子	tān zi
摔打	shuāi dǎ
摧刚为柔	cuī gāng wéi róu
摧折	cuī zhé
摧折豪强	cuī zhé háo qiáng
摩挲	mó suō
摸不着边	mō bù zhuó biān
摸门不着	mō mén bù zháo
摽梅之年	biào méi zhī nián
撇开	piē kāi
撒呓挣	sā yì zheng
撒布	sǎ bù
撒播	sǎ bō
撒豆成兵	sǎ dòu chéng bīng
播撒	bō sǎ
播糠眯目	bō kāng mí mù
撮合	cuō he
撮科打哄	cuō kē dǎ hòng
擂天倒地	léi tiān dǎo dì
擂鼓	léi gǔ
擘两分星	bò liǎng fēn xīng
擢发难数	zhuó fà nán shǔ
擿埴索涂	zhāi zhí suǒ tú
攀花折柳	pān huā zhé liǔ
攀蟾折桂	pān chán shé guì
攒三聚五	cuán sān jù wǔ
攒动	cuán dòng
攒眉	cuán méi
攒眉蹙额	cuán mei cù é
攒锋聚镝	cuán fēng jù dí
攒零合整	cuán líng hé zhěng
支吾其词	zhī wú qí cí
支着儿	zhī zhāo er
支行	zhī háng
改为	gǎi wéi
改弦更张	gǎi xián gēng zhāng
攻城掠地	gōng chéng lüè dì
放假	fàng jià
放辟邪侈	fàng pì xié chǐ
放量	fàng liàng
政令不一	zhèng lìng bù yī
故都	gù dū
救苦救难	jiù kǔ jiù nàn
教学相长	jiào xué xiāng zhǎng
教猱升木	jiāo náo shēng mù
教长	jiào zhǎng
敛骨吹魂	liǎn gǔ chuī hún
敝盖不弃	bì gài bú qì
敢为敢做	gǎn wéi gǎn zuò
敢作敢为	gǎn zuò gǎn wéi
散乱	sǎn luàn
散件	sǎn jiàn
散体	sǎn tǐ
散光	sǎn guāng
散兵	sǎn bīng
散剂	sǎn jì
散射	sǎn shè
散居	sǎn jū
散户	sǎn hù
散文	sǎn wén
散板	sǎn bǎn
散架	sǎn jià
散漫	sǎn màn
散碎	sǎn suì
散装	sǎn zhuāng
散见	sǎn jiàn
散记	sǎn jì
敬业乐群	jìng yè lè qún
数一数二	shǔ yī shǔ èr
数不清	shǔ bù qīng
数不着	shǔ bù zháo
数不胜数	shǔ bú shèng shǔ
数九	shǔ jiǔ
数以万计	shǔ yǐ wàn jì
数典忘祖	shǔ diǎn wàng zǔ
数得上	shǔ de shàng
数得着	shǔ de zháo
数数	shuò shuò
数来宝	shǔ lái bǎo
数次	shù cì
数理逻辑	shù lǐ luó ji
数白论黄	shǔ bái lùn huáng
数米而炊	shǔ mǐ ér chuī
数米量柴	shǔ mǐ liáng chái
数落	shǔ luò
数道	shù dào
数量	shù liàng
数黑论黄	shǔ hēi lùn huáng
敲敲打打	qiāo qiāo dǎ dǎ
敲竹杠	qiāo zhú gàng
整冠纳履	zhěng guān nà lǚ
整躬率物	zhěng gōng shuài wù
整顿干坤	zhěng dùn gàn kūn
整齐划一	zhěng qí huà yī
文不对题	wén bú duì tí
文以载道	wén yǐ zài dào
文武差事	wén wǔ chāi shì
文蛤	wén gé
斗篷	dǒu peng
斗转参横	dǒu zhuǎn shēn héng
斠若画一	jiào ruò huà yī
斩将搴旗	zhǎn jiàng qiān qí
斫雕为朴	zhuó diāo wéi pǔ
断喝	duàn hè
断还归宗	duàn huán guī zōng
方领圆冠	fāng lǐng yuán guàn
施舍	shī shě
旌旗卷舒	jīng qí juǎn shū
族长	zú zhǎng
无一幸免	wú yī xìng miǎn
无下箸处	wú xià zhù chǔ
无为	wú wéi
无伤无臭	wú shāng wú xiù
无动为大	wú dòng wéi dà
无声无臭	wú shēng wú xiù
无孔不钻	wú kǒng bú zuàn
无宁	wú níng
无寇暴死	wú kòu bào sǐ
无恶不为	wú è bù wéi
无所不为	wú suǒ bù wéi
无的放矢	wú dì fàng shǐ
无能为力	wú néng wéi lì
无能为役	wú néng wéi yì
无量	wú liàng
无间	wú jiàn
无间冬夏	wú jiān dōng xià
无间可乘	wú jiān kě chéng
日中为市	rì zhōng wéi shì
日削月割	rì xuē yuè gē
日头	rì tou
日子	rì zi
日月参辰	rì yuè shēn chén
日省月修	rì xǐng yuè xiū
日省月试	rì xǐng yuè shì
日积月累	rì jī yuè lěi
日薄西山	rì bó xī shān
日记簿	rì jì bù
旦角	dàn jué
早占勿药	zǎo zhān wù yào
时差	shí chā
时来运转	shí lái yùn zhuǎn
时调	shí diào
旷日累时	kuàng rì lěi shí
昌亭旅食	chāng tíng lǚ shí
明效大验	míng xiào dà yàn
明晃晃	míng huǎng huǎng
易传	yì zhuàn
易地而处	yì dì ér chǔ
星宿	xīng xiù
星期一	xīng qī yī
星相	xīng xiàng
春假	chūn jià
春卷	chūn juǎn
春笋怒发	chūn sǔn nù fā
昧旦晨兴	mèi dàn chén xīng
昭德塞违	zhāo dé sè wéi
是非分明	shì fēi fēn míng
是非得失	shì fēi dé shī
昼度夜思	zhòu duó yè sī
显得	xiǎn de
晃眼	huǎng yǎn
晃荡	huàng dang
晓得	xiǎo de
晕乎乎	yūn hū hū
晕头转向	yūn tóu zhuàn xiàng
晕眩	yūn xuàn
晕船	yùn chuán
晕车	yùn chē
晚节不保	wǎn jié bù bǎo
晚食当肉	wǎn shí dàng ròu
晦盲否塞	huì máng pǐ sè
晨昏定省	chén hūn dìng xǐng
普天率土	pǔ tiān shuài tǔ
晰毛辨发	xī máo biàn fà
暑假	shǔ jià
暖和	nuǎn huo
暗地里	àn dì lǐ
暴腮龙门	pù sāi lóng mén
暴虎冯河	bào hǔ píng hé
暴衣露冠	pù yī lù guàn
暴露文学	bào lù wén xué
曝光	bào guāng
曲别针	qū bié zhēn
曲子	qǔ zi
曲径	qū jìng
曲意	qū yì
曲意逢迎	qū yì féng yíng
曲折	qū zhé
曲水	qū shuǐ
曲直	qū zhí
曲线	qū xiàn
曲肱	qū gōng
曲解	qū jiě
曲调	qǔ diào
曲阜	qū fù
曲高和寡	qǔ gāo hè guǎ
曳光弹	yè guāng dàn
更为	gèng wéi
更仆难数	gēng pú nán shǔ
更令明号	gēng lìng míng hào
更动	gēng dòng
更名	gēng míng
更名改姓	gēng míng gǎi xìng
更唱迭和	gēng chàng dié hé
更夫	gēng fū
更始	gēng shǐ
更姓改物	gēng xìng gǎi wù
更年期	gēng nián qī
更待干罢	gèng dài gàn bà
更换	gēng huàn
更改	gēng gǎi
更新	gēng xīn
更替	gēng tì
更正	gēng zhèng
更生	gēng shēng
更衣	gēng yī
更迭	gēng dié
更长梦短	gēng cháng mèng duǎn
更鼓	gēng gǔ
曾参杀人	zēng shēn shā rén
曾孙	zēng sūn
曾母投杼	zēng mǔ tóu zhù
曾祖	zēng zǔ
月一	yuè yī
月中折桂	yuè zhōng shé guì
月氏	yuè zhī
月相	yuè xiàng
月落参横	yuè luò shēn héng
有一说一	yǒu yī shuō yī
有借无还	yǒu jiè wú huán
有加无已	yǒu jiā wú yǐ
有国难投	yǒu guó nán tóu
有机玻璃	yǒu jī bō li
有点儿	yǒu diǎn er
有的放矢	yǒu dì fàng shǐ
有隙可乘	yǒu xì kě chèng
朋比为奸	péng bǐ wéi jiān
服丧	fú sāng
服服帖帖	fú fu tiē tiē
望尘僄声	wàng chén piào shēng
望闻问切	wàng wén wèn qiè
望风响应	wàng fēng xiǎng yīng
朝升暮合	zhāo shēng mù gě
朝夕	zhāo xī
朝攀暮折	zhāo pān mù shé
朝朝	zhāo zhāo
朝朝朝落	zhāo cháo zhāo luò
朝气	zhāo qì
朝霞	zhāo xiá
朝鲜族	cháo xiǎn zú
木头	mù tou
木头木脑	mù tóu mù nǎo
木干鸟栖	mù gàn niǎo qī
木杆	mù gān
木模	mù mú
未为不可	wèi wéi bù kě
未了	wèi liǎo
未见得	wèi jiàn dé
末了	mò liǎo
本分	běn fèn
本子	běn zi
本相	běn xiàng
本行	běn háng
朱轓皁盖	zhū fān zào gài
朴刀	pō dāo
朵颐大嚼	duǒ yí dà jiáo
机长	jī zhǎng
杀一儆百	shā yī jǐng bǎi
杀妻求将	shā qī qiú jiàng
杀鸡为黍	shā jī wéi shǔ
杅穿皮蠹	yú chuān pí dù
杆儿	gǎn ér
杆塔	gān tǎ
杆子	gān zi
杆菌	gǎn jūn
杉木	shā mù
李广不侯	lǐ guǎng bú hòu
材优干济	cái yōu gān jǐ
材薄质衰	cái bó zhì shuāi
村长	cūn zhǎng
杜鹃啼血	dù juān tí xuè
杜默为诗	dù mò wéi shī
束椽为柱	shù chuán wéi zhù
束缊还妇	shù yūn huán fù
束蒲为脯	shù pú wéi pú
杠子	gàng zi
杠杆	gàng gǎn
条几	tiáo jī
条子	tiáo zi
条贯部分	tiáo guàn bù fēn
来头	lái tou
来得	lái de
杯子	bēi zi
杼柚其空	zhù yòu qí kōng
杼柚空虚	zhù yòu kōng xū
松散	sōng sǎn
松筠之节	sōng yún zhī jié
板上钉钉	bǎn shàng dìng dīng
极为	jí wéi
极深研几	jí shēn yán jī
枕头	zhěn tou
林子	lín zi
林荫道	lín yīn dào
枝大于本	zh dà yú běn
枝干	zhī gàn
枝干相持	zhī gàn xiāng chí
枝杈	zhī chà
枞阳	zōng yáng
枪弹	qiāng dàn
枪杆	qiāng gǎn
枪杆子	qiāng gǎn zi
枪林弹雨	qiāng lín dàn yǔ
枯树生华	kū shù shēng huā
架子	jià zi
柏拉图	bó lā tú
柏林	bó lín
染坊	rǎn fáng
柔情绰态	róu qíng chuò tài
柚木	yóu mù
柜子	guì zi
柞丝绸	zuò sī chóu
柞蚕	zuò cán
查处	chá chǔ
柱子	zhù zi
柿子	shì zi
栅栏	zhà lan
标的	biāo dì
标量	biāo liàng
树干	shù gàn
树杈	shù chà
树碑立传	shù bēi lì zhuàn
树荫	shù yīn
栓塞	shuān sè
校准	jiào zhǔn
校勘	jiào kān
校场	jiào chǎng
校对	jiào duì
校本	jiào běn
校样	jiào yàng
校核	jiào hé
校正	jiào zhèng
校注	jiào zhù
校点	jiào diǎn
校短量长	jiào duǎn liáng cháng
校订	jiào dìng
校长	xiào zhǎng
校阅	jiào yuè
校验	jiào yàn
样子	yàng zi
核儿	hú er
核弹	hé dàn
格子	gé zi
格式	gé shì
格格不吐	gé gé bù tǔ
格格不纳	gé gé bú nà
格调	gé diào
栽种	zāi zhòng
桂折兰摧	guì shé lán cuī
桌子	zhuō zi
桑土绸缪	sāng tǔ chóu miù
桑户棬枢	sāng hù juàn shū
桑给巴尔	sāng jǐ bā ěr
桑荫不徙	sāng yīn bù xǐ
桑荫未移	sāng yīn wèi yí
桔子	jú zi
桔梗	jié gěng
梗塞	gěng sè
检察长	jiǎn chá zhǎng
棋输先著	qí shū xiān zhuó
棍子	gùn zi
棒喝	bàng hè
椅子	yǐ zi
椎埋屠狗	chuí mái tú gǒu
椎埋狗窃	chuí mái gǒu qiè
椎心泣血	chuí xīn qì xuè
椎心饮泣	chuí xīn yǐn qì
椎牛发冢	chuí niú fà zhǒng
椎牛歃血	chuí niú shà xuè
椎牛飨士	chuí niú xiǎng shì
楞眉横眼	léng méi hèng yǎn
榆木疙瘩	yú mù gē da
榔头	láng tou
榴弹	liú dàn
槛花笼鹤	jiàn huā lóng hè
模具	mú jù
模子	mú zi
模板	mú bǎn
模样	mú yàng
模模糊糊	mó mó hu hū
模糊	mó hu
模量	mó liàng
横恩滥赏	hèng ēn làn shǎng
横抢硬夺	hèng qiǎng yìng duó
横暴	hèng bào
横祸	hèng huò
横蛮	hèng mán
横财	hèng cái
次长	cì zhǎng
欺天诳地	qī tiān kuáng dì
欺行霸市	qī háng bà shì
款识	kuǎn zhì
歃血为盟	shà xuè wéi méng
歙漆阿胶	shè qī ē jiāo
止咳	zhǐ ké
止戈为武	zhǐ gē wéi wǔ
正中下怀	zhèng zhòng xià huái
正传	zhèng zhuàn
正儿八经	zhèng er bā jīng
正冠李下	zhèng guàn lǐ xià
正切	zhèng qiē
正当防卫	zhèng dàng fáng wèi
正旦	zhēng dàn
正月	zhēng yuè
正着	zhèng zháo
正身率下	zhèng shēn shuài xià
此发彼应	cǐ fā bǐ yīng
此唱彼和	cǐ chàng bǐ hè
步步为营	bù bù wéi yíng
步调	bù diào
武侯	wǔ hóu
武侯祠	wǔ hóu cí
武将	wǔ jiàng
武断专横	wǔ duàn zhuān héng
歪曲	wāi qū
死劲儿	sǐ jìn er
殉难	xùn nàn
殒身不恤	yǔn shēn bú xù
殷红	yān hóng
毁冠裂裳	huǐ guān liè cháng
毁家纾难	huǐ jiā shū nàn
毁舟为杕	huǐ zhōu wéi duò
毁誉不一	huǐ yù bù yī
毁钟为铎	huǐ zhōng wéi duó
毋宁	wú nìng
比物属事	bǐ wù zhǔ shì
毛发	máo fà
毛发倒竖	máo fā dǎo shù
毛遂堕井	máo suí duò jǐng
毫发不爽	háo fà bù shuǎng
民乐	mín yuè
民以食为天	mín yǐ shí wéi tiān
气冲斗牛	qì chōng dǒu niú
气头上	qì tóu shang
气息奄奄	qì xī yān yān
气量	qì liàng
气闷	qì mèn
氢弹	qīng dàn
水中著盐	shuǐ zhōng zhuó yán
水分	shuǐ fèn
水漂儿	shuǐ piāo er
水调歌头	shuǐ diào gē tóu
水量	shuǐ liàng
汉堡包	hàn bǎo bāo
汉藏语系	hàn zàng yǔ xì
汗褂儿	hàn guà er
汝成人耶	rǔ chéng rén yé
沉吟不决	chén yín bù jué
沉吟章句	chén yín zhāng jù
沉没	chén mò
沉疴宿疾	chén kē sù jí
沉着	chén zhuó
沉闷	chén mèn
沐猴而冠	mù hóu ér guàn
沓来踵至	tà lái zhǒng zhì
沙参	shā shēn
沙子	shā zi
没入	mò rù
没头没尾	méi tóu mò wěi
没头苍蝇	méi tóu cāng ying
没奈何	mò nài hé
没完没了	méi wán méi liǎo
没意思	méi yì si
没收	mò shōu
没没无闻	mò mò wú wén
没空	méi kòng
没药	mò yào
没落	mò luò
没谱儿	méi pǔ er
沧海	cāng hǎi
河北梆子	hé běi bāng zi
河南梆子	hé nán bāng zi
河涸海干	hé hé hǎi gān
沸沸汤汤	fèi fèi shāng shāng
油坊	yóu fáng
油干灯尽	yóu gàn dēng jìn
油腔滑调	yóu qiāng huá diào
治丧	zhì sāng
泄露	xiè lòu
法帖	fǎ tiè
法相	fǎ xiàng
法相宗	fǎ xiàng zōng
法轮常转	fǎ lún cháng zhuàn
泡桐	pāo tóng
波属云委	bō zhǔ yún wěi
波骇云属	bō hài yún zhǔ
泣下如雨	qì xià rú yǔ
泣不成声	qì bù chéng shēng
泣数行下	qì shù háng xià
泥娃娃	ní wá wa
泥而不滓	ní ér bù zǐ
泰来否	tài lái pǐ
泰然处之	tài rán chǔ zhī
洁身自好	jié shēn zì hào
洋为中用	yáng wéi zhōng yòng
洋洋纚纚	yáng yáng sǎ sǎ
洋相	yáng xiàng
洋行	yáng háng
洒心更始	sǎ xīn gèng shǐ
洒扫应对	sǎ sǎo yìng duì
洛杉矶	luò shān jī
洞见症结	dòng jiàn zhèng jié
津关险塞	jīn guān xiǎn sài
洪炉燎发	hóng lú liáo fà
流弹	liú dàn
流量	liú liàng
浅薄	qiǎn bó
浆糊	jiàng hu
浇风薄俗	jiāo fēng bó sú
济南	jǐ nán
济济一堂	jǐ jǐ yì táng
浑朴	hún pǔ
浓抹淡妆	nóng mò dàn zhuāng
浓荫	nóng yīn
浩浩汤汤	hào hào shāng shāng
浪头	làng tou
浮收勒折	fú shōu lè shé
海内外	hǎi nèi wài
海参	hǎi shēn
海量	hǎi liàng
浸没	jìn mò
消长	xiāo zhǎng
涸思干虑	hé sī gān lǜ
淋病	lìn bìng
淡汝浓抹	dàn rǔ nóng mǒ
淡然处之	dàn rán chǔ zhī
淤塞	yū sè
深仇宿怨	shēn chóu xiǔ yuàn
深厉浅揭	shēn lì qiǎn qì
深恶痛疾	shēn wù tòng jí
深恶痛绝	shēn wù tòng jué
深文曲折	shēn wén qǔ shé
深更半夜	shēn gēng bàn yè
深谷为陵	shēn gǔ wéi líng
混应滥应	hùn yīng làn yīng
混混噩噩	hún hún è è
混蛋	hún dàn
淹没	yān mò
添砖加瓦	tiān zhuān jiā wǎ
清都绛阙	qīng dōu jiàng què
渐不可长	jiàn bù kě zhǎng
渔夺侵牟	yú duó qīn móu
温差	wēn chā
游必有方	yóu bì yǒu fāng
游手好闲	yóu shǒu hào xián
游说	yóu shuì
湛恩汪濊	zhàn ēn wāng huì
湮没	yān mò
溜肩膀	liū jiān bǎng
溜达	liū da
溢美溢恶	yì měi yì wù
滂沱大雨	páng tuó dà yǔ
滋长	zī zhǎng
满载	mǎn zài
滴溜儿	dī liù er
滴滴答答	dī dī dā dā
漂亮	piào liang
漂洗	piǎo xǐ
漂漂亮亮	piào piào liang liang
漂白	piǎo bái
漏尽更阑	lòu jìn gēng lán
潢池盗弄	huáng chí dào nòng
潦原浸天	lǎo yuán jìn tiān
激将	jī jiàng
激薄停浇	jī bó tíng jiāo
火急火燎	huǒ jí huǒ liǎo
火烧火燎	huǒ shāo huǒ liǎo
灯笼	dēng long
灵长目	líng zhǎng mù
灶头	zào tóu
灾难	zāi nàn
炫玉贾石	xuàn yù gǔ shí
炫石为玉	xuàn shí wéi yù
炮仗	pào zhang
炮制	páo zhì
炮弹	pào dàn
炮烙	páo luò
炰鳖脍鲤	fǒu biē kuài lǐ
炸弹	zhà dàn
炸糕	zhá gāo
点中	diǎn zhòng
点子	diǎn zi
点将	diǎn jiàng
点着	diǎn zháo
烟卷儿	yān juǎn er
烟幕弹	yān mù dàn
烟熏火燎	yān xūn huǒ liǎo
烦闷	fán mèn
烫发	tàng fà
热得快	rè de kuài
热熬翻饼	rè áo fān bǐng
热量	rè liàng
烹龙炮凤	pēng lóng páo fèng
焦沙烂石	jiāo shā làn shí
煞住	shā zhù
煞车	shā chē
煞风景	shā fēng jǐng
照明弹	zhào míng dàn
照相	zhào xiàng
熊据虎跱	xióng jù hǔ zhì
熨帖	yù tiē
熬更守夜	áo gēng shǒu yè
燃烧弹	rán shāo dàn
燎发摧枯	liǎo fà cuī kū
燕京	yān jīng
燕处危巢	yàn chǔ wēi cháo
燕子	yàn zi
燕山	yān shān
燕岱之石	yān dài zhī shí
燕昭好马	yān zhāo hǎo mǎ
燕昭市骏	yān zhāo shì jùn
燕歌赵舞	yān gē zhào wǔ
燕石妄珍	yān shí wàng zhēn
燕赵	yān zhào
燕金募秀	yān jīn mù xiù
燕驾越毂	yān jià yuè gǔ
燕骏千金	yān jùn qiān jīn
燕麦	yàn mài
爪哇	zhǎo wā
爪子	zhuǎ zi
爪尖儿	zhuǎ jiān er
爪牙	zhǎo yá
爱人好士	ài rén hào shì
爱好	ài hào
爵士乐	jué shì yuè
父为子隐	fù wéi zǐ yǐn
父债子还	fù zhài zǐ huán
爷爷	yé ye
爸爸	bà ba
片儿	piàn er
片子	piān zi
片纸只字	piàn zhǐ zhī zì
片言只字	piàn yán zhǐ zì
片言只语	piàn yán zhǐ yǔ
片语只辞	piàn yǔ zhī cí
牌子	pái zi
牟利	móu lì
牟取	móu qǔ
牢什古子	láo shí gǔ zi
牧猪奴戏	mù zhū nú xì
物以稀为贵	wù yǐ xī wéi guì
物理量	wù lǐ liàng
物稀为贵	wù xī wéi guì
牵强	qiān qiǎng
牵累	qiān lěi
牵羊担酒	qiān yáng dān jiǔ
犁生骍角	lí shēng xīng jiǎo
犍为	qián wéi
犯得上	fàn de shàng
犯得着	fàn de zháo
犯而不校	fàn ér bú jiào
狐狸	hú li
狐狸尾巴	hú li wěi ba
狗续侯冠	gǒu xù hòu guàn
狧穅及米	shì kāng jí mǐ
独一无二	dú yī wú èr
独处	dú chǔ
独有千秋	dú yǒu qiān qiū
狮子	shī zi
狼狈为奸	láng bèi wéi jiān
狼藉	láng jí
猛将	měng jiàng
猜中	cāi zhòng
猜度	cāi duó
猪圈	zhū juàn
猴子	hóu zi
率先垂范	shuài xiān chuí fàn
率兽食人	shuài shòu shí rén
率土同庆	shuài tǔ tóng qìng
率土归心	shuài tǔ guī xīn
率尔成章	shuài ěr chéng zhāng
率性	shuài xìng
率由旧章	shuài yóu jiù zhāng
率直	shuài zhí
率真	shuài zhēn
率领	shuài lǐng
率马以骥	shuài mǎ yǐ jì
玉卮无当	yù zhī wú dàng
王八	wáng ba
王爷	wáng ye
王贡弹冠	wáng gòng dàn guàn
王都	wáng dū
玩儿不转	wán ér bú zhuàn
玩岁愒时	wán suì kài shí
玻璃纤维	bō li xiān wéi
玻璃钢	bō li gāng
班长	bān zhǎng
琅嬛福地	láng huán fú dì
理发师	lǐ fà shī
琴瑟之好	qín sè zhī hào
琵琶	pí pa
瑜百瑕一	yú bǎi xiá yī
瑶池女使	yáo chí nǚ shǐ
瓜葛	guā gé
瓜葛相连	guā gé xiāng lián
瓜蔓	guā wàn
瓦岗军	wǎ gāng jūn
瓶子	píng zi
甘分随时	gān fèn suí shí
甘处下流	gān chǔ xià liú
甚为	shèn wéi
生发	shēng fà
生拖死拽	shēng tuō sǐ zhuài
生死簿	shēng sǐ bù
生还	shēng huán
生长	shēng zhǎng
用处	yòng chu
甲冠天下	jiǎ guàn tiān xià
甲壳	jiǎ qiào
电位差	diàn wèi chā
电荷	diàn hè
电量	diàn liàng
画地为牢	huà dì wéi láo
画片	huà piàn
画荻和丸	huà dí huò wán
畅所欲为	chàng suǒ yù wéi
留空	liú kōng
畜产	xù chǎn
畜养	xù yǎng
畜妻养子	xù qī yǎng zǐ
畜牧	xù mù
畜牲	chù shēng
畜生	chù sheng
番禺	pān yú
疏不间亲	shū bú jiàn qīn
疙疙瘩瘩	gē ge dā dā
疙瘩	gē da
疟疾	nüè ji
疲于奔命	pí yú bēn mìng
疾不可为	jí bù kě wéi
病假	bìng jià
症结	zhēng jié
痌瘝在抱	tōng guān zài bào
痕量	hén liàng
痛自创艾	tòng zì chuāng yì
瘠薄	jí bó
瘦削	shòu xuē
瘪三	biē sān
癖好	pǐ hào
癞蛤蟆	lài há ma
登坛拜将	dēng tán bài jiàng
白发	bái fà
白术	bái zhú
白衣卿相	bái yī qīng xiàng
白首为郎	bái shǒu wéi láng
白首相知	bái shǒu xiāng zhī
百不一遇	bǎi bù yī yù
百不失一	bǎi bù shī yī
百不当一	bǎi bù dāng yī
百不获一	bǎi bù huò yī
百兽率舞	bǎi shòu shuài wǔ
百发百中	bǎi fā bǎi zhòng
百夫长	bǎi fū zhǎng
百孔千创	bǎi kǒng qiān chuāng
百无失一	bǎi wú shī yī
百里挑一	bǎi lǐ tiāo yī
的士	dī shì
的的确确	dí dí què què
的确	dí què
皇上	huáng shang
皮夹	pí jiā
盐分	yán fèn
盒子	hé zi
盖头	gài tou
盖子	gài zi
盘子	pán zi
盛放	shèng fàng
目不暇给	mù bù xiá jǐ
目挑心招	mù tiǎo xīn zhāo
目无尊长	mù wú zūn zhǎng
目的	mù dì
目眢心忳	mù yuān xīn tún
目量意营	mù liàng yì yíng
直奔	zhí bèn
直截了当	zhí jié liǎo dàng
直率	zhí shuài
相与为一	xiāng yǔ wéi yī
相中	xiāng zhòng
相位	xiàng wèi
相依为命	xiāng yī wéi mìng
相公	xiàng gong
相册	xiàng cè
相切相磋	xiāng qiē xiāng cuō
相国	xiàng guó
相图	xiàng tú
相士	xiàng shì
相声	xiàng sheng
相处	xiāng chǔ
相女配夫	xiàng nǚ pèi fū
相差无几	xiāng chā wú jǐ
相时度力	xiāng shí duó lì
相时而动	xiàng shí ér dòng
相机	xiàng jī
相率	xiāng shuài
相称	xiāng chèn
相貌	xiàng mào
相门有相	xiàng mén yǒu xiàng
相间	xiāng jiàn
相面	xiàng miàn
相马	xiàng mǎ
相鼠有皮	xiàng shǔ yǒu pí
盼头	pàn tou
省亲	xǐng qīn
省察	xǐng chá
省得	shěng de
省悟	xǐng wù
省视	xǐng shì
省长	shěng zhǎng
看中	kàn zhòng
看头	kàn tou
看守	kān shǒu
看家	kān jiā
看得起	kàn de qǐ
看护	kān hù
看押	kān yā
看相	kàn xiàng
看管	kān guǎn
看门	kān mén
真相	zhēn xiàng
眩晕	xuàn yùn
眯缝	mī feng
眼不见为净	yǎn bú jiàn wéi jìng
眼泡	yǎn pāo
着人先鞭	zhuó rén xiān biān
着凉	zháo liáng
着力	zhuó lì
着实	zhuó shí
着床	zhuó chuáng
着急	zháo jí
着想	zhuó xiǎng
着意	zhuó yì
着手	zhuó shǒu
着数	zhāo shù
着法	zhāo fǎ
着火	zháo huǒ
着眼	zhuó yǎn
着色	zhuó sè
着落	zhuó luò
着迷	zháo mí
着重	zhuó zhòng
着陆	zhuó lù
着魔	zháo mó
睡着	shuì zháo
睡觉	shuì jiào
督率	dū shuài
瞧得起	qiáo de qǐ
矜功负气	jīn gōng fù qì
矜己自饰	jīn jǐ zì shì
矢量	shǐ liàng
知了	zhī liǎo
知会	zhī hui
知疼着热	zhī téng zháo rè
知识	zhī shi
知识面	zhī shi miàn
短发	duǎn fà
短见薄识	duǎn jiàn bó shí
矮人观场	ǎi rén guān chǎng
矮子	ǎi zi
石头	shí tou
石子儿	shí zǐ er
石室金匮	shí shì jīn guì
石磨	shí mò
石英玻璃	shí yīng bō li
研一	yán yī
砚台	yàn tái
破家为国	pò jiā wèi guó
破涕为笑	pò tì wéi xiào
破觚为圜	pò gū wéi yuán
硕望宿德	shuò wàng xiǔ dé
硕果累累	shuò guǒ léi léi
硝云弹雨	xiāo yún dàn yǔ
碌碡	liù zhou
碑帖	bēi tiè
碔砆混玉	wǔ fū hùn yù
碰头会	pèng tóu huì
碾坊	niǎn fáng
磨削	mó xuē
磨坊	mò fáng
磨房	mò fáng
磨棱刓角	mó léng wán jiǎo
磨盘	mò pán
磨砻镌切	mó lóng juān qiē
磨磨蹭蹭	mó mó cèng cèng
磨蹭	mó ceng
磨难	mó nàn
礼为情貌	lǐ wéi qíng mào
礼乐	lǐ yuè
礼崩乐坏	lǐ bēng yuè huài
礼拜一	lǐ bài yī
礼让为国	lǐ ràng wéi guó
社长	shè zhǎng
神不守舍	shén bù shǒu shě
神出鬼没	shén chū guǐ mò
神差鬼使	shén chāi guǐ shǐ
神武挂冠	shén wǔ guà guàn
神龙失埶	shén lóng shī shì
祲威盛容	jìn wēi shèng róng
祸为福先	huò wéi fú xiān
祸福相依	huò fú xiāng yī
禁不住	jīn bú zhù
禁不起	jīn bù qǐ
禁得住	jīn de zhù
禁得起	jīn de qǐ
禁舍开塞	jìn shě kāi sāi
禅絮沾泥	chán xù zhān ní
福为祸始	fú wéi huò shǐ
福相	fú xiàng
离本徼末	lí běn jiǎo mò
离间	lí jiàn
秀出班行	xiù chū bān háng
私了	sī liǎo
种地	zhòng dì
种子	zhǒng zi
种树	zhòng shù
种殖	zhòng zhí
种瓜	zhòng guā
种瓜得瓜	zhòng guā dé guā
种菜	zhòng cài
种豆	zhòng dòu
种豆得豆	zhòng dòu dé dòu
科教片	kē jiào piān
科长	kē zhǎng
秕言谬说	bǐ yán miù shuō
秘鲁	bì lǔ
秤杆	chèng gǎn
积年累月	jī nián lěi yuè
积德累功	jī dé lěi gōng
积时累日	jī shí lěi rì
积素累旧	jī sù lěi jiù
积累	jī lěi
积谗糜骨	jī chán méi gǔ
积露为波	jī lù wéi bō
称为	chēng wéi
称体裁衣	chèn tǐ cái yī
称体载衣	chēng tǐ zài yī
称呼	chēng hu
称家有无	chèn jiā yǒu wú
称德度功	chēng dé duó gōng
称心	chèn xīn
称职	chèn zhí
称雨道晴	chēng yǔ dào qíng
移的就箭	yí dì jiù jiàn
稀薄	xī bó
稀里哗啦	xī li huā lā
稀里糊涂	xī li hú tú
稍为	shāo wéi
稍息	shào xī
稚齿婑媠	zhì chǐ wǒ tuó
稽首	qǐ shǒu
穴居野处	xué jū yě chǔ
穷年累月	qióng nián lěi yuè
穷形尽相	qióng xíng jìn xiàng
穷追不舍	qióng zhuī bù shě
空位	kòng wèi
空余	kòng yú
空儿	kòng er
空包弹	kōng bāo dàn
空地	kòng dì
空子	kòng zi
空当	kòng dāng
空格	kòng gé
空白	kòng bái
空缺	kòng quē
空腹便便	kōng fù pián pián
空转	kōng zhuàn
空闲	kòng xián
空隙	kòng xì
空难	kōng nàn
空额	kòng é
穿红着绿	chuān hóng zhuó lǜ
窗明几净	chuāng míng jī jìng
窝囊	wō nang
窝里斗	wō li dòu
站长	zhàn zhǎng
章句小儒	zhāng jù xiǎo rú
童颜鹤发	tóng yán hè fà
竹子	zhú zi
竹筒倒豆子	zhú tǒng dào dòu zi
竹篮打水	zhú lán dá shuǐ
笃近举远	dǔ jìn jǔ yuǎn
笔杆	bǐ gǎn
笔杆子	bǐ gǎn zi
笔调	bǐ diào
符号逻辑	fú hào luó jí
第一	dì yī
笼头	lóng tóu
笼子	lóng zi
笼络	lǒng luò
笼统	lǒng tǒng
笼罩	lǒng zhào
笼鸟槛猿	lóng niǎo jiàn yuán
笼鸟池鱼	lóng niǎo chí yú
等量	děng liàng
答应	dā ying
答理	dā li
答腔	dā qiāng
筷子	kuài zi
简丝数米	jiǎn sī shǔ mǐ
管乐	guǎn yuè
箪食壶浆	dān shí hú jiāng
箪食瓢饮	dān sì piáo yǐn
箱笼	xiāng lǒng
箸长碗短	zhù cháng wǎn duǎn
篮子	lán zi
簸土扬沙	bǒ tǔ yáng shā
簸箕	bò ji
簿册	bù cè
簿子	bù zi
簿籍	bù jí
簿记	bù jì
籍没	jí mò
粗心大意	cū xīn dà yi
粗率	cū shuài
粘着	nián zhuó
粪土不如	fèn tǔ bù rú
精干	jīng gàn
精当	jīng dàng
精明强干	jīng míng qiáng gàn
糊弄	hù nòng
糊涂虫	hú tu chóng
糊涂账	hú tu zhàng
糊糊	hū hu
糨糊	jiàng hu
系带	jì dài
系泊	xì bó
紧追不舍	jǐn zhuī bù shě
累加	lěi jiā
累卵之危	lěi luǎn zhī wēi
累及	lěi jí
累土聚沙	lěi tǔ jù shā
累土至山	lěi tǔ zhì shān
累块积苏	lěi kuài jī sū
累次	lěi cì
累瓦结绳	lěi wǎ jié shéng
累积	lěi jī
累累如珠	lěi lěi rú zhū
累计	lěi jì
累赘	léi zhui
累足成步	lěi zú chéng bù
累进	lěi jìn
絮叨	xù dao
絮絮叨叨	xù xù dāo dāo
綦溪利跂	qí xī lì qí
纠葛	jiū gé
红不棱登	hóng bu lēng dēng
红彤彤	hóng tōng tōng
红得发紫	hóng de fā zǐ
红晕	hóng yùn
红澄澄	hóng deng deng
红绳系足	hóng shéng jì zú
红苕	hóng sháo
纤夫	qiàn fū
纤手	qiàn shǒu
纤绳	qiàn shéng
约摸	yuē mo
约莫	yuē mo
级差	jí chā
纪传体	jì zhuàn tǐ
纯属骗局	chún shǔ piàn jú
纳闷	nà mèn
纳降	nà xiáng
纷纷不一	fēn fēn bù yī
纹路	wén lù
组分	zǔ fèn
组长	zǔ zhǎng
终了	zhōng liǎo
终始若一	zhōng shǐ ruò yī
经传	jīng zhuàn
经幢	jīng chuáng
经年累月	jīng nián lěi yuè
绑扎	bǎng zā
结发	jié fà
结实	jiē shi
结巴	jiē ba
结扎	jié zā
结结实实	jiē jiē shí shí
结结巴巴	jiē jiē bā bā
给与	jǐ yǔ
给予	jǐ yǔ
给付	jǐ fù
给养	jǐ yǎng
给水	jǐ shuǐ
统一	tǒng yī
统率	tǒng shuài
绣花枕头	xiù huā zhěn tou
绳子	shéng zi
绵里薄材	mián lǐ bó cái
绸缪	chóu móu
绿林	lù lín
绿树成荫	lǜ shù chéng yīn
绿荫	lǜ yīn
缘分	yuán fèn
缝制	féng zhì
缝合	féng hé
缝子	fèng zi
缝纫	féng rèn
缝缀	féng zhuì
缝补	féng bǔ
缠夹	chán jiā
缥缈	piāo miǎo
缩砂密	sù shā mì
缺吃少穿	quē chī shǎo chuān
罗织构陷	luó zhī gòu xiàn
罚不当罪	fá bù dāng zuì
罪责难逃	zuì zé nán táo
罪过	zuì guo
罹难	lí nàn
羊圈	yáng juàn
羊羔美酒	yáng gāo měi jiǔ
美发	měi fà
羞人答答	xiū rén dā dā
羞答答	xiū dā dā
群居和一	qún jū hé yī
群氓	qún méng
翅膀	chì bǎng
翘楚	qiáo chǔ
翘足引领	qiáo zú yǐn lǐng
翘首	qiáo shǒu
翻卷	fān juǎn
老大难	lǎo dà nán
老将	lǎo jiàng
老少	lǎo shào
老师宿儒	lǎo shī xiǔ rú
老来少	lǎo lái shào
考勤簿	kǎo qín bù
耍笔杆	shuǎ bǐ gǎn
耕种	gēng zhòng
耳朵	ěr duo
聚米为山	jù mǐ wéi shān
聪明	cōng ming
肉薄骨并	ròu bó gǔ bìng
肚量	dù liàng
股长	gǔ zhǎng
肤受之愬	fū shòu zhī sù
肺活量	fèi huó liàng
胁肩累足	xié jiān lěi zú
胆量	dǎn liàng
背包	bēi bāo
背地里	bèi dì lǐ
背城借一	bèi chéng jiè yī
背带	bēi dài
背曲腰躬	bèi qǔ yāo gōng
背篓	bēi lǒu
背负	bēi fù
背黑锅	bēi hēi guō
胖子	pàng zi
胡作非为	hú zuò fēi wéi
胡同	hú tòng
胡子	hú zi
胳膊	gē bo
胳臂	gē bei
胶卷	jiāo juǎn
胶着	jiāo zhuó
能不称官	néng bú chèn guān
能干	néng gàn
能者为师	néng zhě wéi shī
能耐	néng nài
能量	néng liàng
脉脉	mò mò
脊梁骨	jǐ liang gǔ
脖子	bó zi
脖颈	bó gěng
脚丫子	jiǎo yā zi
脚爪	jiǎo zhǎo
脚色	jué sè
脱发	tuō fà
腔调	qiāng diào
腥闻在上	xīng wén zài shàng
腰杆	yāo gǎn
腹载五车	fù zài wǔ chē
膀大腰圆	bǎng dà yāo yuán
膀胱	páng guāng
膀臂	bǎng bì
膏药	gāo yao
膏车秣马	gào chē mò mǎ
臊子	sào zi
臧否	zāng pǐ
自个儿	zì gě er
自传	zì zhuàn
自吹自擂	zì chuī zì léi
自怨自艾	zì yuàn zì yì
自我吹嘘	zì wǒ chuī xū
自省	zì xǐng
自禁	zì jīn
自给	zì jǐ
自转	zì zhuàn
自量	zì liàng
臭味相投	xiù wèi xiāng tóu
至当不易	zhì dàng bú yì
舅子	jiù zi
舅母	jiù mu
舅舅	jiù jiu
舌头	shé tou
舌苔	shé tāi
舍命	shě mìng
舍己为人	shě jǐ wèi rén
舍己为公	shě jǐ wèi gōng
舍得	shě de
舍我其谁	shě wǒ qí shuí
舍短取长	shě duǎn qǔ cháng
舍策追羊	shě cè zhuī yáng
舍身	shě shēn
舍身为国	shě shēn wéi guó
舍近求远	shě jìn qiú yuǎn
良将	liáng jiàng
良莠不一	liáng yǒu bù yī
艰难竭蹶	jiān nán jié jué
色厉胆薄	sè lì dǎn bó
色相	sè xiàng
色调	sè diào
节假日	jié jià rì
节骨眼	jiē gǔ yǎn
芋头	yù tou
芥末	jiè mo
芫荽	yán sui
花不棱登	huā bu lēng dēng
花事了	huā shì liǎo
花卷	huā juǎn
花呢	huā ní
花头	huā tóu
花岗石	huā gāng shí
苌弘碧血	cháng hóng bì xiě
苍劲	cāng jìng
苍术	cāng zhú
苍蝇见血	cāng yíng jiàn xiě
苏打	sū dá
苗头	miáo tou
苛政猛于虎	kē zhèng měng yú hǔ
苟合取容	gǒu hé qǔ róng
苦中作乐	kǔ zhōng zuò lè
苦处	kǔ chù
苦差	kǔ chāi
苦干	kǔ gàn
苦闷	kǔ mèn
苦难	kǔ nàn
苫眼铺眉	shān yǎn pū méi
英雄传	yīng xióng zhuàn
苹果	píng guǒ
茄子	qié zi
茅塞顿开	máo sè dùn kāi
茎干	jīng gàn
茶几	chá jī
荆棘载途	jīng jí zài tú
草垛	cǎo duò
草率	cǎo shuài
草长莺飞	cǎo zhǎng yīng fēi
荥阳	xíng yáng
荫蔽	yīn bì
荷枪实弹	hè qiāng shí dàn
荷载	hè zǎi
莎草	suō cǎo
莫予毒也	mò yú dú yě
莫此为甚	mò cǐ wéi shèn
莲花落	lián huā lào
获隽公车	huò jùn gōng chē
莺吟燕儛	yīng yín yàn wǔ
菲薄	fěi bó
菲食薄衣	fěi shí bó yī
萍飘蓬转	píng piāo péng zhuàn
萎靡	wěi mǐ
萝卜	luó bo
营蝇斐锦	yíng yíng fēi jǐn
营长	yíng zhǎng
落发	luò fà
落子	luò zǐ
落差	luò chā
落得	luò de
落枕	lào zhěn
落草为寇	luò cǎo wéi kòu
落落大方	luò luò dà fāng
落落难合	luò luò nán hé
落难	luò nàn
落魄	luò pò
落魄江湖	luò pò jiāng hú
葛布	gé bù
葛藤	gé téng
董事长	dǒng shì zhǎng
葫芦	hú lu
葭莩之亲	jiā fú zhī qīn
蒙古	měng gǔ
蒙得维的亚	méng dé wéi dì yà
蒙蒙亮	méng méng liàng
蔚为壮观	wèi wéi zhuàng guān
蔚为大观	wèi wéi dà guān
薄命	bó mìng
薄寒中人	bó hán zhòng rén
薄幸	bó xìng
薄弱	bó ruò
薄情	bó qíng
薄技	bó jì
薄暮	bó mù
薄物细故	bó wù xì gù
薄礼	bó lǐ
薄荷	bò he
薄酒	bó jiǔ
薄雾	bó wù
藏历	zàng lì
藏戏	zàng xì
藏族	zàng zú
藏红花	zàng hóng huā
藏踪蹑迹	cáng zōng niè jì
藏青	zàng qīng
藤蔓	téng wàn
蘑菇	mó gu
虎将	hǔ jiàng
虮虱相吊	jǐ shī xiāng diào
虱处裈中	shī chǔ kūn zhōng
虱子	shī zi
虾兵蟹将	xiā bīng xiè jiàng
虾蟆	há má
蚂蚱	mà zha
蚌埠	bèng bù
蛇蝎为心	shé xiē wéi xīn
蛙蟆胜负	wā má shèng fù
蛤蚧	gé jiè
蛤蜊	gé lí
蛤蟆	há ma
蛮干	mán gàn
蛮横	mán hèng
蛾子	é zi
螓首蛾眉	qín shǒu é méi
螫手解腕	shì shǒu jiě wàn
螺杆	luó gǎn
蠹居棊处	dù jū qí chǔ
血债累累	xuè zhài lěi lěi
血泊	xuè pō
行一行	xíng yì háng
行业	háng yè
行为	xíng wéi
行人	xíng rén
行伍	háng wǔ
行会	háng huì
行列	háng liè
行号	háng hào
行头	xíng tou
行家	háng jia
行家里手	háng jiā lǐ shǒu
行尾	háng wěi
行当	háng dang
行情	háng qíng
行末	háng mò
行李	xíng li
行款	háng kuǎn
行行不行	háng háng bù xíng
行行出状元	háng háng chū zhuàng yuan
行规	háng guī
行话	háng huà
行货	háng huò
行距	háng jù
行辈	háng bèi
行道	háng dào
行长	háng zhǎng
行首	háng shǒu
行高	háng gāo
衣单食薄	yī dān shí bó
衣服	yī fu
衣着	yī zhuó
衣租食税	yì zū shí shuì
衣被	yī bèi
衣裳之会	yī shang zhī huì
衣轻乘肥	yì qīng chéng féi
补给	bǔ jǐ
表率	biǎo shuài
表里不一	biǎo lǐ bù yī
表里为奸	biǎo lǐ wéi jiān
袅娜	niǎo nuó
袅袅娜娜	niǎo niǎo nuó nuó
袜子	wà zi
被发缨冠	pī fà yīng guàn
被子	bèi zi
被山带河	pī shān dài hé
被甲据鞍	pī jiǎ jù ān
被甲枕戈	pī jiǎ zhěn gē
被褐怀玉	pī hè huái yù
裁处	cái chǔ
裁缝	cái feng
裁量	cái liáng
裂冠毁冕	liè guàn huǐ miǎn
裂裳衣疮	liè shang yī chuāng
装模作样	zhuāng mú zuò yàng
装载	zhuāng zài
褒贬与夺	bāo biǎn yǔ duó
褪去	tuì qù
西洋参	xī yáng shēn
西藏	xī zàng
要塞	yào sài
要挟	yāo xié
要是	yào shi
要求	yāo qiú
覆没	fù mò
见世面	jiàn shì miàn
见义勇为	jiàn yì yǒng wéi
见弃于人	jiàn qì yú rén
见素抱朴	xiàn sù bào pǔ
见缝就钻	jiàn fèng jiù zuān
见识	jiàn shi
规旋矩折	guī xuán jǔ shé
视为畏途	shì wéi wèi tú
视为知己	shì wéi zhī jǐ
视差	shì chā
觉得	jué de
角力	jué lì
角抵	jué dǐ
角斗	jué dòu
角立杰出	jiǎo lì jié chū
角色	jué sè
角逐	jué zhú
解人难得	jiě rén nán dé
解元	jiè yuán
解发佯狂	jiě fà yáng kuáng
解放思想	jiè fàng sī xiǎng
解数	xiè shù
解法	jiě fǎ
解衣衣人	jiě yī yī rén
解送	jiè sòng
解铃系铃	jiě líng xì líng
解闷	jiě mèn
触处机来	chù chǔ jī lái
言为心声	yán wéi xīn shēng
言必有中	yán bì yǒu zhòng
言行不一	yán xíng bù yī
言行抱一	yán xíng bào yī
言行若一	yán xíng ruò yī
詈夷为跖	lì yí wéi zhí
誉为	yù wéi
计功量罪	jì gōng liàng zuì
计深虑远	jì shēn lǜ yuǎn
计量	jì liáng
认为	rèn wéi
认得	rèn de
认识	rèn shi
讨还	tǎo huán
讪牙闲嗑	shàn yá xián kē
议长	yì zhǎng
记得	jì de
论处	lùn chǔ
论语	lún yǔ
论调	lùn diào
设身处地	shè shēn chǔ dì
评传	píng zhuàn
识相	shí xiàng
诈降	zhà xiáng
词调	cí diào
诎要桡腘	qū yāo ráo guó
诗书发冢	shī shū fà zhǒng
诗兴	shī xìng
诘屈磝碻	jié qū áo qiāo
诚朴	chéng pǔ
诪张为幻	zhōu zhāng wéi huàn
诬良为盗	wū liáng wéi dào
语不惊人	yǔ bù jīng rén
语塞	yǔ sè
语笑喧阗	yǔ xiào xuān tián
语调	yǔ diào
误差	wù chā
诱降	yòu xiáng
说一不二	shuō yī bù èr
说得来	shuō de lái
说笑话	shuō xiào hua
请假	qǐng jià
请调	qǐng diào
读书得间	dú shū dé jiàn
调人	diào rén
调令	diào lìng
调任	diào rèn
调兵遣将	diào bīng qiǎn jiàng
调动	diào dòng
调取	diào qǔ
调回	diào huí
调处	tiáo chǔ
调头	diào tóu
调子	diào zi
调度	diào dù
调式	diào shì
调换	diào huàn
调查	diào chá
调档	diào dàng
调派	diào pài
调温	diào wēn
调演	diào yǎn
调用	diào yòng
调研	diào yán
调离	diào lí
调经	tiáo jīng
调职	diào zhí
调虎离山	diào hǔ lí shān
调调	diào diao
调转	diào zhuǎn
调运	diào yùn
调遣	diào qiǎn
调配	tiáo pèi
调门	diào mén
调阅	diào yuè
调防	diào fáng
调集	diào jí
谈兴	tán xìng
谈得来	tán de lái
谈言微中	tán yán wēi zhòng
谓予不信	wèi yú bú xìn
谭言微中	tán yán wēi zhòng
豁出去	huō chū qù
豆腐	dòu fu
豪兴	háo xìng
豪商巨贾	háo shāng jù jiǎ
豪干暴取	háo gàn bào qǔ
豹子	bào zi
贞松劲柏	zhēn sōng jìng bǎi
贞观	zhēn guān
负债累累	fù zhài lěi lěi
负荷	fù hè
负载	fù zài
财会	cái kuài
责难	zé nàn
败兴	bài xìng
败军之将	bài jūn zhī jiàng
败将	bài jiàng
账簿	zhàng bù
质量	zhì liàng
贫嘴薄舌	pín zuǐ bó shé
贵处	guì chù
贵干	guì gàn
赏不当功	shǎng bù dāng gōng
赔还	péi huán
赚头	zhuàn tou
赭衣塞路	zhě yī sè lù
走为上策	zǒu wéi shàng cè
走马换将	zǒu mǎ huàn jiàng
赶得上	gǎn de shàng
赶得及	gǎn de jí
赶浪头	gǎn làng tóu
起偃为竖	qǐ yǎn wéi shù
起哄	qǐ hòng
趁水和泥	chèn shuǐ huò ní
超今冠古	chāo jīn guàn gǔ
超载	chāo zài
趔趄	liè qie
趵突泉	bào tū quán
跌宕不羁	diē dàng bù jī
跌弹斑鸠	diē dàn bān jiū
跑马卖解	pǎo mǎ mài xiè
跟头	gēn tou
路上	lù shang
跳蚤	tiào zao
踏踏实实	tā tā shi shí
蹈其覆辙	dǎo qí fù zhé
身体发肤	shēn tǐ fà fū
身分	shēn fèn
身单力薄	shēn dān lì bó
身子	shēn zi
身量	shēn liàng
躯壳	qū qiào
躯干	qū gàn
车子	chē zi
车行道	chē xíng dào
车载	chē zài
车载船装	chē zǎi chuán zhuāng
轧轧	yà yà
轧钢	zhá gāng
轩鹤冠猴	xuān hè guàn hóu
转动	zhuàn dòng
转危为安	zhuǎn wēi wéi ān
转台	zhuàn tái
转嗔为喜	zhuǎn chēn wéi xǐ
转圈	zhuàn quān
转子	zhuàn zǐ
转弯抹角	zhuǎn wān mò jiǎo
转悠	zhuàn you
转悲为喜	zhuǎn bēi wéi xǐ
转愁为喜	zhuǎn chóu wéi xǐ
转来转去	zhuàn lái zhuàn qù
转椅	zhuàn yǐ
转炉	zhuàn lú
转盘	zhuàn pán
转矩	zhuàn jǔ
转祸为福	zhuǎn huò wéi fú
转筋	zhuàn jīn
转调	zhuǎn diào
转败为胜	zhuǎn bài wéi shèng
转轮	zhuàn lún
转速	zhuàn sù
轮转	lún zhuàn
软和	ruǎn huo
软红香土	ruǎn hóng xiāng tǔ
软骨头	ruǎn gǔ tou
轰隆	hōng lōng
轻率	qīng shuài
轻薄	qīng bó
轻量级	qīng liàng jí
载客	zài kè
载歌载舞	zài gē zài wǔ
载沉载浮	zài chén zài fú
载波	zài bō
载笑载言	zài xiào zài yán
载荷	zài hè
载货	zài huò
载运	zài yùn
载酒问字	zài jiǔ wèn zì
载重	zài zhòng
载重量	zài zhòng liàng
较为	jiào wéi
较如画一	jiào rú huà yī
较瘦量肥	jiào shòu liàng féi
较若画一	jiào ruò huà yī
较量	jiào liàng
辅世长民	fǔ shì zhǎng mín
辈子	bèi zi
辟谷	bì gǔ
辟邪	bì xié
辫子	biàn zi
辱没	rǔ mò
边塞	biān sài
达姆弹	dá mǔ dàn
迁都	qiān dū
过为已甚	guò wéi yǐ shèn
过关斩将	guò guān zhǎn jiàng
过分	guò fèn
过家家	guò jiā jiā
过得去	guò de qù
过得硬	guò de yìng
过载	guò zài
过量	guò liàng
运转	yùn zhuǎn
运载	yùn zài
运输量	yùn shū liàng
运量	yùn liàng
返本还源	fǎn běn huán yuán
返老还童	fǎn lǎo huán tóng
返还	fǎn huán
还乡	huán xiāng
还价	huán jià
还俗	huán sú
还债	huán zhài
还击	huán jī
还原	huán yuán
还嘴	huán zuǐ
还年却老	huán nián què lǎo
还年驻色	huán nián zhù sè
还愿	huán yuàn
还我河山	huán wǒ hé shān
还手	huán shǒu
还清	huán qīng
还珠返璧	huán zhū fǎn bì
还礼	huán lǐ
还阳	huán yáng
还魂	huán hún
这个	zhè ge
这么点儿	zhè me diǎn er
这么着	zhè me zhāo
这会儿	zhè huì er
进给	jìn jǐ
进给量	jìn jǐ liàng
进退应矩	jìn tuì yīng jǔ
进退消长	jìn tuì xiāo cháng
进退触籓	jìn tuì chù fān
进退跋疐	jìn tuì bá zhì
连中三元	lián zhòng sān yuán
连杆	lián gǎn
连篇累牍	lián piān lěi dú
连累	lián lèi
连长	lián zhǎng
迫击炮	pǎi jī pào
迷恋骸骨	mí liàn hái gǔ
迷糊	mí hu
迷迷糊糊	mí mí hu hū
追亡逐北	zhuī wáng zhú běi
退还	tuì huán
送还	sòng huán
适当	shì dàng
适当其冲	shì dāng qí chōng
适情率意	shì qíng shuài yì
适时应务	shì shí yīng wù
适量	shì liàng
逃奔	táo bèn
逃难	táo nàn
逆差	nì chā
选调	xuǎn diào
逐一	zhú yī
逐物不还	zhú wù bù huán
逗闷子	dòu mèn zi
通文调武	tōng wén diào wǔ
通量	tōng liàng
造谣中伤	zào yáo zhòng shāng
逶迤	wēi yí
逸兴遄飞	yì xìng chuán fēi
逼良为娼	bī liáng wéi chāng
逾墙钻隙	yú qiáng zuān xì
遁世无闷	dùn shì wú mèn
遁迹黄冠	dùn jì huáng guàn
遇难	yù nàn
遇难呈祥	yù nàn chéng xiáng
遇难成祥	yù nàn chéng xiáng
遏恶扬善	è wù yáng shàn
遒劲	qiú jìng
道行	dào heng
道观	dào guàn
道长	dào zhǎng
遗世忘累	yí shì wàng lěi
遗寝载怀	yí qǐn zài huái
遗少	yí shào
遣兴陶情	qiǎn xìng táo qíng
遮荫	zhē yīn
避难	bì nàn
避难就易	bì nán jiù yì
邈处欿视	miǎo chǔ kǎn shì
那个	nà ge
那会儿	nà huì er
那阵儿	nà zhèn er
邮差	yóu chāi
郁郁累累	yù yù lěi lěi
郁闷	yù mèn
郢书燕说	yǐng shū yān shuō
郦食其	lì yì jī
部分	bù fen
部将	bù jiàng
部长	bù zhǎng
都城	dū chéng
都市	dū shì
都护	dū hù
都江堰	dū jiāng yàn
都督	dū du
鄙薄	bǐ bó
酋长	qiú zhǎng
酌量	zhuó liang
配乐	pèi yuè
配给	pèi jǐ
配角	pèi jué
酒兴	jiǔ xìng
酒吧	jiǔ bā
酒曲	jiǔ qū
酒量	jiǔ liàng
醋劲儿	cù jìn er
采邑	cài yì
释知遗形	shì zhī yí xíng
里头	lǐ tou
里子	lǐ zi
里弄	lǐ lòng
重九	chóng jiǔ
重修	chóng xiū
重光	chóng guāng
重出	chóng chū
重创	zhòng chuāng
重印	chóng yìn
重叠	chóng dié
重合	chóng hé
重启	chóng qǐ
重唱	chóng chàng
重围	chóng wéi
重复	chóng fù
重头戏	zhòng tóu xì
重奏	chóng zòu
重婚	chóng hūn
重孙	chóng sūn
重审	chóng shěn
重山	chóng shān
重峦	chóng luán
重庆	chóng qìng
重建	chóng jiàn
重弹	chóng tán
重影	chóng yǐng
重担	zhòng dàn
重振旗鼓	chóng zhèn qí gǔ
重提	chóng tí
重播	chóng bō
重操旧业	chóng cāo jiù yè
重整	chóng zhěng
重新	chóng xīn
重明继焰	chóng míng jì yàn
重来	chóng lái
重温	chóng wēn
重游	chóng yóu
重演	chóng yǎn
重现	chóng xiàn
重生	chóng shēng
重申	chóng shēn
重见天日	chóng jiàn tiān rì
重试	chóng shì
重足	chóng zú
重蹈覆辙	chóng dǎo fù zhé
重返	chóng fǎn
重逢	chóng féng
重重	chóng chóng
重量	zhòng liàng
重阳	chóng yáng
野调无腔	yě diào wú qiāng
量体裁衣	liàng tǐ cái yī
量入为出	liàng rù wéi chū
量刑	liàng xíng
量力	liàng lì
量力而为	liàng lì ér wéi
量变	liàng biàn
量如江海	liàng rú jiāng hǎi
量子	liàng zǐ
量小力微	liàng xiǎo lì wēi
量己审分	liàng jǐ shěn fēn
量才录用	liàng cái lù yòng
量枘制凿	liàng ruì zhì záo
量词	liàng cí
量金买赋	liàng jīn mǎi fù
金吾不禁	jīn wú bú jìn
金翅擘海	jīn chì bāi hǎi
金蝉脱壳	jīn chán tuō qiào
鉴影度形	jiàn yǐng duó xíng
针头削铁	zhēn tóu xuē tiě
钉头磷磷	dīng tóu lín lín
钉子	dīng zi
钉齿耙	dīng chǐ bà
钢化玻璃	gāng huà bō li
钢筋铁骨	gāng jīn tiě gǔ
钥匙	yào shi
钦差	qīn chāi
钧天广乐	jūn tiān guǎng yuè
钩爪锯牙	gōu zhǎo jù yá
钳子	qián zi
钻冰求火	zuān bīng qiú huǒ
钻天打洞	zuān tiān dǎ dòng
钻头觅缝	zuān tóu mì fèng
钻孔	zuān kǒng
钻心	zuān xīn
钻探	zuān tàn
钻杆	zuàn gǎn
钻洞	zuān dòng
钻洞觅缝	zuàn dòng mì féng
钻火得冰	zuān huǒ dé bīng
钻牛角尖	zuān niú jiǎo jiān
钻皮出羽	zuān pí chū yǔ
钻研	zuān yán
钻营	zuān yíng
钻进	zuān jìn
铁杆	tiě gǎn
铁板钉钉	tiě bǎn dìng dīng
铁树开华	tiě shù kāi huā
铃铛	líng dang
铄古切今	shuò gǔ qiē jīn
铅山	yán shān
铅弹	qiān dàn
铅玻璃	qiān bō li
铆劲儿	mǎo jìn er
铢两悉称	zhū liǎng xī chèn
铢量寸度	zhū liáng cùn duó
铣床	xǐ chuáng
银发	yín fà
银子	yín zi
银行	yín háng
铸剑为犁	zhù jiàn wéi lí
铺叙	pū xù
铺垫	pū diàn
铺天盖地	pū tiān gài dì
铺子	pù zi
铺展	pū zhǎn
铺平	pū píng
铺床	pū chuáng
铺开	pū kāi
铺张	pū zhāng
铺排	pū pái
铺盖	pū gài
铺盖卷	pū gài juǎn
铺砌	pū qì
铺胸纳地	pū xiōng nà dì
铺设	pū shè
铺路	pū lù
铺轨	pū guǐ
铺锦列绣	pū jǐn liè xiù
铺陈	pū chén
销量	xiāo liàng
锁钥	suǒ yuè
锄头	chú tou
错处	cuò chù
锥处囊中	zhuī chǔ náng zhōng
锦囊还矢	jǐn náng huán shǐ
锲而不舍	qiè ér bù shě
镇长	zhèn zhǎng
镐头	gǎo tóu
镜子	jìng zi
长上	zhǎng shàng
长假	cháng jià
长傲饰非	zhǎng ào shì fēi
长兄	zhǎng xiōng
长势	zhǎng shì
长发	cháng fà
长史	zhǎng shǐ
长大	zhǎng dà
长子	zhǎng zǐ
长孙	zhǎng sūn
长官	zhǎng guān
长年三老	zhǎng nián sān lǎo
长年累月	cháng nián lěi yuè
长幼尊卑	zhǎng yòu zūn bēi
长幼有序	zhǎng yòu yǒu xù
长春不老	cháng chūn bù lǎo
长歌当哭	cháng gē dàng kū
长生不死	cháng shēng bù sǐ
长相	zhǎng xiàng
长绳系日	cháng shéng jì rì
长老	zhǎng lǎo
长者	zhǎng zhě
长调	cháng diào
长辈	zhǎng bèi
长进	zhǎng jìn
长门	cháng mén
门单户薄	mén dān hù bó
门将	mén jiàng
闭塞	bì sè
闭目塞听	bì mù sè tīng
问一答十	wèn yī dá shí
闯将	chuǎng jiàng
闲散	xián sǎn
间不容发	jiān bù róng fà
间作	jiàn zuò
间或	jiàn huò
间接	jiàn jiē
间断	jiàn duàn
间歇	jiàn xiē
间苗	jiàn miáo
间见层出	jiàn xiàn céng chū
间谍	jiàn dié
间隔	jiàn gé
间隙	jiàn xì
闷头	mēn tóu
闷头儿	mēn tóu er
闷棍	mèn gùn
闷罐车	mèn guàn chē
闷葫芦	mèn hú lu
闷酒	mèn jiǔ
闷闷不乐	mèn mèn bú lè
闷雷	mèn léi
闹哄哄	nào hōng hōng
闹嚷嚷	nào rāng rāng
闻一	wén yī
阏氏	yān zhī
队伍	duì wu
队长	duì zhǎng
防弹	fáng dàn
阴差阳错	yīn chā yáng cuò
阴干	yīn gān
阴着儿	yīn zhāo er
阴错阳差	yīn cuò yáng chā
阻塞	zǔ sè
阻难	zǔ nàn
阿党相为	ē dǎng xiāng wéi
阿家阿翁	ā jiā ā wēng
阿弥陀佛	ē mí tuó fó
阿房宫	ē páng gōng
阿谀奉承	ē yú fèng chéng
阿门	ā mén
附和	fù hè
附着	fù zhuó
陈词滥调	chén cí làn diào
降伏	xiáng fú
降妖捉怪	xiáng yāo zhuō guài
降顺	xiáng shùn
降龙伏虎	xiáng lóng fú hǔ
限量	xiàn liàng
院子	yuàn zi
院长	yuàn zhǎng
陵劲淬砺	líng jìng cuì lì
随物应机	suí wù yīng jī
随行就市	suí háng jiù shì
隐占身体	yǐn zhàn shēn tǐ
隔扇	gé shàn
隔行	gé háng
隽永	juàn yǒng
难为	nán wéi
难为情	nán wéi qíng
难为水	nán wéi shuǐ
难兄难弟	nàn xiōng nàn dì
难分难舍	nán fēn nán shě
难处	nán chù
难得	nán dé
难得糊涂	nán dé hú tú
难民	nàn mín
难舍难分	nán shě nán fēn
难进易退	nán jìn yì tuì
雄劲	xióng jìng
雅乐	yǎ yuè
雅兴	yǎ xìng
雅量	yǎ liàng
雕心雁爪	diāo xīn yàn zhǎo
雨夹雪	yǔ jiā xuě
雨量	yǔ liàng
雪一更	xuě yì gēng
零散	líng sǎn
零零散散	líng líng sǎn sǎn
雾鳞云爪	wù lín yún zhǎo
霁风朗月	jì fēng lǎng yuè
霓裳	ní cháng
霰弹	xiàn dàn
露一手	lòu yì shǒu
露脸	lòu liǎn
露面	lòu miàn
露馅	lòu xiàn
露马脚	lòu mǎ jiǎo
青林黑塞	qīng lín hēi sài
青紫被体	qīng zǐ pī tǐ
青藏高原	qīng zàng gāo yuán
非分	fēi fèn
非得	fēi děi
靠得住	kào de zhù
靡有孑遗	mǐ yǒu jié yí
靡衣偷食	mǐ yī tōu shí
面子	miàn zi
面糊	miàn hù
鞠为茂草	jū wéi mào cǎo
音乐	yīn yuè
音调	yīn diào
音量	yīn liàng
顶呱呱	dǐng guā guā
顶头上司	dǐng tóu shàng si
顺差	shùn chā
顺风吹火	shùn fēng chuī huǒ
顺风而呼	shùn fēng ér hū
须发	xū fà
频数	pín shù
颓垣断堑	tuí yuán duàn qiàn
颠倒衣裳	diān dǎo yī cháng
颠簸	diān bǒ
颤栗	zhàn lì
风一更	fēng yì gēng
风卷残云	fēng juǎn cán yún
风头	fēng tou
风姿绰约	fēng zī chuò yuē
风影敷衍	fēng yǐng fū yǎn
风筝	fēng zheng
风靡	fēng mǐ
飙发电举	biāo fā diàn jǔ
飞将军	fēi jiāng jūn
飞将数奇	fēi jiàng shù qí
飞弹	fēi dàn
飞转	fēi zhuàn
食为民天	shí wéi mín tiān
食量	shí liàng
餐松啖柏	cān sōng dàn bó
饭量	fàn liàng
饮犊上流	yìn dú shàng liú
饱和点	bǎo hé diǎn
饿殍枕藉	è piǎo zhěn jí
饿殍载道	è piǎo zài dào
馄饨	hún tun
馏分	liú fēn
馒头	mán tou
首相	shǒu xiàng
首都	shǒu dū
首长	shǒu zhǎng
香培玉琢	xiang pei yu zhuó
马入华山	mǎ rù huá shān
马尾松	mǎ wěi sōng
马尾藻	mǎ wěi zǎo
马扎	mǎ zhá
骁将	xiāo jiàng
骂骂咧咧	mà ma liē liē
骄儿騃女	jiāo ér sì nǚ
骄横	jiāo hèng
骖风驷霞	cān fēng sì xiá
骗子	piàn zi
骨嘟	gǔ dū
骨头	gǔ tou
骨头架子	gǔ tou jià zi
骨子	gǔ zi
骨干	gǔ gàn
骨朵	gū duǒ
骨朵儿	gū duǒ er
骨殖	gǔ shi
骨碌	gū lu
高丽	gāo lí
高丽参	gāo lí shēn
高义薄云	gāo yì bó yún
高兴	gāo xìng
高差	gāo chā
高干	gāo gàn
高挑	gāo tiǎo
高调	gāo diào
高高兴兴	gāo gāo xìng xìng
鬓发	bìn fà
鬻驽窃价	yù nú qiè jià
鬻鸡为凤	yù jī wéi fèng
鬼使神差	guǐ shǐ shén chāi
鬼子	guǐ zi
鬼怕恶人	guǐ pà è rén
魔爪	mó zhǎo
鱼儿	yú er
鲁斤燕削	lǔ jīn yàn xuē
鲜为人知	xiǎn wéi rén zhī
鲜亮	xiān liàng
鲜有	xiǎn yǒu
鲜见	xiǎn jiàn
鸡内金	jī nèi jīn
鸡皮疙瘩	jī pí gē da
鸣鹤之应	míng hè zhī yìng
鸭子	yā zi
鸭绿江	yā lù jiāng
鸮鸣鼠暴	xiāo míng shǔ bào
鸽子	gē zi
鸾凤和鸣	luán fèng hè míng
鸿渐于干	hóng jiàn yú gàn
鹤发童颜	hè fà tóng yán
鹤发鸡皮	hè fà jī pí
鹰心雁爪	yīng xīn yàn zhǎo
鹰爪	yīng zhǎo
鹿死谁手	lù sǐ shéi shǒu
麦子	mài zi
黄冠草履	huáng guàn cǎo lǚ
黄发儿齿	huáng fà ér chǐ
黄发垂髫	huáng fà chuí tiáo
黾穴鸲巢	měng xué qú cháo
鼎铛有耳	dǐng chēng yǒu ěr
鼎铛玉石	dǐng chēng yù shí
鼓乐	gǔ yuè
鼓吻奋爪	gǔ wěn fèn zhǎo
鼓囊囊	gǔ nāng nāng
鼓鼓囊囊	gǔ gu nāng nāng
鼻咽癌	bí yān ái
鼻塞	bí sè
鼻子	bí zi
齐王舍牛	qí wáng shě niú
齿牙为祸	chǐ yá wéi huò
龈齿弹舌	yín chǐ dàn shé
龙卷	lóng juǎn
龙游曲沼	lóng yóu qū zhǎo
龙爪槐	lóng zhǎo huái
龙王爷	lóng wáng yé
龙血玄黄	lóng xuè xuán huáng
龙雕凤咀	lóng diāo fèng jǔ
龟兹	qiū cí
龟裂	jūn liè
