fixture,api,resolver,style,implementation,median_us,matches_pro
short,pinyin,character,1,scalar-output,0.689168630775169,
short,pinyin,character,1,simd-output,0.687659588513587,
short,pinyinString,character,1,scalar-output,0.3591544183139866,
short,pinyinString,character,1,simd-output,0.3355047070427825,
short,pinyin,phrase,1,scalar-output,0.761178792169046,
short,pinyin,phrase,1,simd-output,0.7637928861664489,
short,pinyinString,phrase,1,scalar-output,0.4111932894736837,
short,pinyinString,phrase,1,simd-output,0.3857030353286024,
short,pinyin,jieba,1,scalar-output,0.9357081368365829,
short,pinyin,jieba,1,simd-output,0.9424421083383604,
short,pinyinString,jieba,1,scalar-output,0.616396492850099,
short,pinyinString,jieba,1,simd-output,0.5780659857103241,
short,input-copy-only,,,napi-get-utf8,0.05640616045522028,
short,input-copy-only,,,napi-get-utf16,0.03592280023507847,
literature-1k,pinyin,character,1,scalar-output,26.162733263598565,
literature-1k,pinyin,character,1,simd-output,24.526194852940836,
literature-1k,pinyinString,character,1,scalar-output,10.53626526958712,
literature-1k,pinyinString,character,1,simd-output,9.341066094100055,
literature-1k,pinyin,phrase,1,scalar-output,29.318305913348887,
literature-1k,pinyin,phrase,1,simd-output,27.905668805803636,
literature-1k,pinyinString,phrase,1,scalar-output,13.951293945312518,
literature-1k,pinyinString,phrase,1,simd-output,12.79133652862973,
literature-1k,pinyin,jieba,1,scalar-output,45.527291818181595,
literature-1k,pinyin,jieba,1,simd-output,44.10161751760565,
literature-1k,pinyinString,jieba,1,scalar-output,29.589563534279026,
literature-1k,pinyinString,jieba,1,simd-output,28.435700852273012,
literature-1k,input-copy-only,,,napi-get-utf8,2.4971794346784133,
literature-1k,input-copy-only,,,napi-get-utf16,0.07316977247184503,
literature-100k,pinyin,character,1,scalar-output,2757.857299999978,
literature-100k,pinyin,character,1,simd-output,2589.9104250000164,
literature-100k,pinyinString,character,1,scalar-output,1048.559895833326,
literature-100k,pinyinString,character,1,simd-output,937.8947142857083,
literature-100k,pinyin,phrase,1,scalar-output,2997.295850000046,
literature-100k,pinyin,phrase,1,simd-output,2835.576049999963,
literature-100k,pinyinString,phrase,1,scalar-output,1360.1203125000209,
literature-100k,pinyinString,phrase,1,simd-output,1246.8740568181768,
literature-100k,pinyin,jieba,1,scalar-output,4695.220500000081,False
literature-100k,pinyin,jieba,1,simd-output,4529.869791666745,False
literature-100k,pinyin,jieba,1,pinyin-pro,13547.619750000194,False
literature-100k,pinyinString,jieba,1,scalar-output,2889.513549999901,False
literature-100k,pinyinString,jieba,1,simd-output,2802.597925000009,False
literature-100k,pinyinString,jieba,1,pinyin-pro,15739.317624999785,False
literature-100k,input-copy-only,,,napi-get-utf8,257.015306122449,
literature-100k,input-copy-only,,,napi-get-utf16,3.463804259002767,
mixed-100k,pinyin,character,1,scalar-output,1492.5717638889184,
mixed-100k,pinyin,character,1,simd-output,1413.9560277778096,
mixed-100k,pinyinString,character,1,scalar-output,771.8875588235438,
mixed-100k,pinyinString,character,1,simd-output,731.473375000001,
mixed-100k,pinyin,phrase,1,scalar-output,1445.6336805555513,
mixed-100k,pinyin,phrase,1,simd-output,1409.4432916666242,
mixed-100k,pinyinString,phrase,1,scalar-output,853.6312500000349,
mixed-100k,pinyinString,phrase,1,simd-output,822.4059296875339,
mixed-100k,pinyin,jieba,1,scalar-output,2382.0225833333097,
mixed-100k,pinyin,jieba,1,simd-output,2334.194458333362,
mixed-100k,pinyinString,jieba,1,scalar-output,1771.619781250024,
mixed-100k,pinyinString,jieba,1,simd-output,1746.2252656249575,
mixed-100k,input-copy-only,,,napi-get-utf8,172.2083339041154,
mixed-100k,input-copy-only,,,napi-get-utf16,3.3080083355386556,
matched-100k,pinyin,character,1,scalar-output,3638.691406249791,True
matched-100k,pinyin,character,1,simd-output,3267.397156249899,True
matched-100k,pinyin,character,1,pinyin-pro,12611.322875000042,True
matched-100k,pinyinString,character,1,scalar-output,1655.4550781249873,True
matched-100k,pinyinString,character,1,simd-output,1347.6281250000284,True
matched-100k,pinyinString,character,1,pinyin-pro,14656.088499999896,True
matched-100k,pinyin,phrase,1,scalar-output,4537.286458333256,True
matched-100k,pinyin,phrase,1,simd-output,4070.083343749957,True
matched-100k,pinyin,phrase,1,pinyin-pro,12467.145812500348,True
matched-100k,pinyinString,phrase,1,scalar-output,2507.410424999944,True
matched-100k,pinyinString,phrase,1,simd-output,2204.1111041667136,True
matched-100k,pinyinString,phrase,1,pinyin-pro,14664.213500000185,True
matched-100k,pinyin,jieba,1,scalar-output,7704.372437499842,True
matched-100k,pinyin,jieba,1,simd-output,7157.343749999654,True
matched-100k,pinyin,jieba,1,pinyin-pro,12590.06249999993,True
matched-100k,pinyinString,jieba,1,scalar-output,5637.057291666679,True
matched-100k,pinyinString,jieba,1,simd-output,5240.78820833347,True
matched-100k,pinyinString,jieba,1,pinyin-pro,14936.880125000243,True
matched-100k,input-copy-only,,,napi-get-utf8,228.19270681820026,
matched-100k,input-copy-only,,,napi-get-utf16,3.2364027957545543,
short,pinyin,character,0,scalar-output,0.6306079617110796,
short,pinyin,character,0,simd-output,0.6306324223085623,
short,pinyinString,character,0,scalar-output,0.2989303854983993,
short,pinyinString,character,0,simd-output,0.2981284820768504,
matched-100k,pinyin,character,0,scalar-output,3015.5531249998603,
matched-100k,pinyin,character,0,simd-output,3013.189575000069,
matched-100k,pinyinString,character,0,scalar-output,1103.3259583333954,
matched-100k,pinyinString,character,0,simd-output,1107.9036458333271,
literature-100k,parse-only,,,v8-json-parse,1453.8726805555293,
mixed-100k,parse-only,,,v8-json-parse,438.3548836207222,
matched-100k,parse-only,,,v8-json-parse,1811.3430178571953,
